證券代碼,市值(百萬元),報酬率％,週轉率％,本益比-TSE,股價淨值比-TSE,現金股利率,全體董事、監察人、經理人及持股10%以上股東(比率),  現金及約當現金,負債總額,資產總額,常續性稅後淨利
1101 台泥,294001,-0.3115,0.0762,14.08,1.5,7.0153,8.6,59958809,180459948,401380637,14809240
1102 亞泥,159455,0.113,0.0738,10.16,1.04,7.592,28.9,33405511,133048748,307287866,13487683
1103 嘉泥,16077,-0.4796,0.0488,7.31,0.51,6.7275,17.14,3300210,14530745,41510848,506768
1104 環泥,14118,0.232,0.0409,12.78,0.75,5.0926,31.97,426666,5278939,24274344,746685
1108 幸福,4816,0,0.0838,20.52,1.06,2.9412,20.46,320942,3316442,7863645,169930
1109 信大,7113,1.9608,0.2693,7.35,0.95,7.2115,38.67,1867269,1617656,10976056,729944
1110 東泥,11583,-0.4914,0.0528,84.38,1.35,0.4938,34.71,150582,1910837,10538269,92728
1201 味全,11260,-0.4474,0.1049,18.86,1.63,2.382,14.56,1866580,12173895,19085518,421850
1203 味王,7812,-0.7622,0.0054,17.79,1.49,3.3794,28.63,1390587,3233605,9345664,558965
1210 大成,45505,0,0.1006,18.61,2.19,4.9089,13,5179124,26809268,53999356,1688365
1213 大飲,477,0.9592,0.0035,0,1.04,0,52.39,10792,714708,1173481,-75846
1215 卜蜂,21600,0,0.0746,14.58,2.76,5.5831,10.06,281957,14068880,22375230,1043632
1216 統一,389786,-1.1527,0.0532,19.43,3.46,3.9359,10.12,81071606,329441246,504770873,22715573
1217 愛之味,5365,0,0.6884,21.27,0.81,0,8.86,465283,6785346,14163106,276319
1218 泰山,13650,0,0.0908,22.2,1.95,5.1282,30.25,812630,3032530,9837839,435678
1219 福壽,6537,0,0.1596,16.5,1.5,4.9261,19.93,892304,4579743,8997649,225301
1220 台榮,2780,-0.6329,0.122,13.53,1.19,6.3694,22.1,447112,589570,3155424,160590
1225 福懋油,11526,0.5725,0.027,24.06,3.47,2.6565,15.12,1035044,4453810,8202060,362904
1227 佳格,48408,-1.306,0.1474,18.18,2.76,4.7259,19.53,2688422,9357177,27177164,2045961
1229 聯華,87257,-0.1613,0.172,17.59,2.23,1.2483,24.83,2546511,14317188,63754234,4260170
1231 聯華食,13982,-0.431,0.0585,17.59,3.25,2.0978,37.8,329003,4804919,9122177,533559
1232 大統益,25356,0.3165,0.0331,19.24,5.65,3.7855,67.51,972437,1775675,6352094,882879
1233 天仁,3139,0.1445,0.0099,75.33,2.24,2.3088,14.18,160879,801293,2203840,-4820
1234 黑松,14347,0,0.0294,20.28,0.8,5.042,15.29,976339,5013489,22892232,537346
1235 興泰,4562,0,0.0029,60.69,1.32,3.4325,49.91,74129,1039614,4387381,86985
1236 宏亞,3472,9.9485,1.2802,0,2.25,0.624,29.96,87600,1049927,2595348,-25178
1301 台塑,662037,-1.4218,0.0731,10.16,1.72,2.3077,14.93,11164837,142268961,526561844,54572674
1303 南亞,677292,-0.6977,0.0691,8.91,1.7,2.8103,29.3,67321587,239130748,650598683,66426449
1304 台聚,37505,-1.0972,0.3917,6.9,1.41,3.1696,24.42,9997770,30405506,83018142,7134255
1305 華夏,20162,-0.2874,0.3186,6.98,1.9,4.9403,24.97,851675,5989282,17247379,2063814
1307 三芳,8295,0,0.0184,43.44,1.08,2.3981,9.48,3143782,7176430,14828623,98778
1308 亞聚,21761,-1.4785,0.6508,8.05,1.44,3.21,39.86,533795,4312099,19415764,2049090
1309 台達化,13083,-0.1445,0.2467,5.97,1.79,5.2625,41.19,2722053,3210548,10533040,1404392
1310 台苯,9185,-0.2865,0.1555,11.68,1.23,2.8736,4.55,645592,1589549,9284256,332169
1312 國喬,26020,-0.5199,1.0173,3.78,0.79,0.3484,5.26,5608921,6568819,43784069,5230126
1313 聯成,29108,0,0.2573,6.59,0.97,4.5772,33.06,4163669,24921005,54099626,3035216
1314 中石化,49771,2.3346,1.8778,10.78,0.58,0,2.46,11271906,46558650,120780970,2114302
1315 達新,8532,-0.5774,0.1029,200.23,0.71,9.7464,27.69,1371764,1474073,13085266,-2712
1316 上曜,4829,0.2353,4.5688,0,2.03,0,25.69,1114384,5740685,10607984,-91331
1319 東陽,19578,0.1513,0.0632,28.29,0.91,2.4169,26.72,1045670,11970050,34020689,460612
1321 大洋,7964,0.2861,0.0819,16.3,1.17,2.8531,6.23,479905,6066487,12670990,166531
1323 永裕,3190,0.2869,0.0898,11.31,1.41,4.5779,12.28,1323253,2977521,5606454,255592
1324 地球,879,0,0.1185,0,0.94,2.5641,24.03,240133,281061,1219889,-6835
1325 琱j,3880,1.676,1.0565,4.72,1.32,26.3736,34.02,402511,208013,3239822,269920
1326 台化,473584,-0.2469,0.0422,10.6,1.22,3.0941,24.31,21927038,151342262,592596322,38353222
1339 昭輝,2565,-0.1443,0.0202,23.86,0.76,5.7803,48.49,607924,1577456,5068250,45599
1342 八貫,4613,-0.2933,0.7827,21.25,3.13,3.6765,32.03,387782,820672,2294080,184008
1402 遠東新,156839,0,0.0886,15.84,0.77,4.6075,27.72,35241829,369628492,636035571,10811054
1409 新纖,32692,0.4975,0.1802,8.9,0.95,5.4455,6.73,9515292,138522043,182935093,3839980
1410 南染,2306,-0.6784,0.0619,29.52,2.08,2.459,17.35,362931,257419,1417442,65411
1413 宏洲,1427,-0.4608,0.1665,37.24,1.29,0,35.34,68566,1668126,2770032,61254
1414 東和,4279,-0.7653,0.4214,35.36,1.36,1.2648,28.82,273069,1344603,4502145,110147
1416 廣豐,2113,1.3333,0.3232,0,0.62,4.386,8.21,247505,516687,3978229,-241648
1417 嘉裕,2802,0.3401,0.1985,13.17,1.04,2.0339,23.61,369005,1007628,3707849,154476
1418 東華,662,9.9057,0.146,0,3.49,0,46.84,384068,2247959,2429355,-227215
1419 新紡,12827,0.1171,0.0143,26.23,1.31,2.3392,6.57,666840,5052885,14822960,393501
1423 利華,2761,0,0.0354,4.55,0.92,9.0226,35.16,348111,318913,3326348,134240
1432 大魯閣,1058,0,0.16,0,1.37,0,49.8,347174,4069084,4690758,-130113
1434 福懋,49108,-0.3419,0.0792,23.51,0.77,3.4305,38.57,3241609,18606331,82675955,1790797
1435 中福,4144,-1.1667,0.0894,0,3.52,0,32.83,169392,175292,1352362,-38571
1436 華友聯,5191,-0.1848,0.0697,11.18,1.7,3.6846,25.82,477732,10083816,13119915,510614
1437 勤益控,5257,-0.3854,0.0388,11.49,0.79,2.7079,24.82,972248,4767690,11397566,260398
1438 三地開發,2158,-0.1647,0.0632,303,2.72,0,29.11,54213,2132956,2702159,8966
1439 中和,2157,-1.0549,0.0315,0,0.99,0,61.41,613382,517258,2689573,70781
1440 南紡,42332,-0.1953,0.4582,12.97,1.55,1.3699,22.75,4277549,22850570,50369756,2662377
1441 大東,954,-0.6303,0.0734,0,1.21,0,27.38,100677,1518931,2435811,-110408
1442 名軒,8423,0.4367,0.1516,15.44,1.44,2.1739,4.44,268039,7912874,13763855,506896
1443 立益,2281,0.597,0.0052,41.1,1.77,0,18.03,55983,5120225,6005011,69452
1444 力麗,10818,0.4444,0.1731,43.46,1.02,0,19.54,938848,6607295,18300992,170665
1445 大宇,2032,-0.3205,0.075,0,1.29,1.2862,29.59,189895,316687,1886079,-25854
1446 宏和,4737,0.1456,0.0777,0,3.08,0.8721,10.63,249103,2635045,4172081,-15699
1447 力鵬,9419,-0.4831,0.1073,27.84,0.88,0,22.06,878678,7476311,18424050,276499
1449 佳和,1734,3,0.3208,11.04,1.21,0,16.98,152593,4893908,6037761,-77362
1451 年興,4168,0,0.0242,24.48,0.56,2.8504,33.33,1604072,1830769,9236748,199117
1452 宏益,3210,-0.2062,0.2254,9.03,1.18,2.8926,11.42,444767,250919,2980831,159179
1453 大將,895,0.565,0.2296,0,0.7,0,48.32,17983,151821,1447223,-10962
1454 台富,1941,1.3559,0.4244,149.5,1.2,1.3378,31.52,150259,497196,2022479,6487
1455 集盛,8746,-0.6042,0.2611,7.76,1.21,1.8237,21.89,91804,3508462,10746257,617727
1456 怡華,2052,-0.905,0.0662,4.71,1.27,0,79.82,553282,5051117,6672711,333746
1457 宜進,5897,-1.5113,0.7048,25.06,0.96,7.6726,29.52,404541,10403696,18218284,174327
1459 聯發,4608,-0.3876,0.1023,5.87,1.21,0,14.96,504773,3345266,6726568,-13232
1460 宏遠,6689,0.104,0.3063,0,0.97,0,29.29,425948,7624000,14337411,105037
1463 強盛,2460,-0.6993,0.1022,40.57,1.09,2.1127,28.41,231338,488948,2723682,57531
1464 得力,6038,-0.9464,0.1027,92.35,1.31,1.9108,9.42,994719,13002674,18372089,199078
1465 偉全,1305,0,0.0724,0,0.8,2.3809,16.74,116103,195266,1826677,-29237
1466 聚隆,1695,-0.3268,0.1862,9.36,0.99,0,18.14,356336,1916984,3634158,150498
1467 南緯,3317,2.1583,0.6806,710,1.14,4.9296,54.73,1354207,5233745,8289425,-73430
1468 昶和,2109,0.3817,0.0312,219.17,1.79,0,37.11,325296,1829102,3038945,790
1470 大統新創,1522,-1.1142,0.1026,22.76,1.54,2.3662,32.03,80810,194153,1183720,44101
1471 首利,1340,0.1124,0.597,52.41,1.36,0,12.75,559600,301162,1288839,-93441
1472 三洋實業,812,1.8809,0.092,0,3.42,0,53.45,184622,1567815,1805553,7294
1473 台南,2663,0.5556,0.1101,0,0.85,1.105,21.34,926596,1869778,4970013,-109545
1474 弘裕,2013,-0.3215,0.4242,10.99,0.99,2.5806,14.42,691436,2123572,4179520,118694
1475 業旺,1316,0.198,0.0615,72.29,5.12,0,85.69,493191,96218,748852,34461
1476 儒鴻,173126,0.638,0.1392,31.82,8.72,1.7433,25.65,2343600,7376041,27230682,3844541
1477 聚陽,59739,-0.6036,0.2092,24.24,4.58,3.2389,11.3,2443296,6980747,20101557,1974308
1503 士電,28080,-0.5535,0.0088,16.48,1.09,2.9685,28.05,3263786,16799506,43195618,1486280
1504 東元,67693,-0.7837,0.1171,13.64,0.76,3.6335,24.71,17920142,40927377,135089107,4255489
1506 正道,2602,-1.3605,0.3616,0,2.88,0,5.02,92327,1312729,2191252,-20533
1507 永大,26457,0,0.0297,25.35,2.26,2.9503,7.78,4754913,13977538,25855801,724774
1512 瑞利,1016,-0.7426,0.0478,0,11.46,0,22.04,116225,1779379,1861702,-99329
1513 中興電,21545,-0.2205,0.369,9.63,1.94,4.8619,9.92,1005573,21142806,32278704,1353375
1514 亞力,5936,0,0.2615,17.11,1.76,2.5641,15.19,444271,4087126,7491999,304993
1515 力山,10253,-1.3962,0.6844,8.9,2.64,6.3717,14.39,2684669,6897106,10812900,810285
1516 川飛,840,0,0.5437,23.09,1.97,1.5343,27.66,27366,87282,512874,31191
1517 利奇,6208,-0.1832,0.2844,13.29,1.73,1.2844,10.45,512301,1768004,5401868,295245
1519 華城,9751,0.8097,0.1662,35.57,2.95,3.4806,20.56,193751,6854577,10206454,120091
1521 大億,3068,0.1244,0.0682,24.25,1.78,3.2298,59.83,78832,1898930,3621408,65417
1522 堤維西,6070,0.5181,0.069,35.27,0.86,3.0928,41.31,903720,15770606,23798983,85667
1524 耿鼎,1876,1.7937,0.6963,36.61,0.84,1.8502,26.39,380525,2947448,5168575,21369
1525 江申,4514,0.3263,0.0409,13.7,1.05,3.5772,77.84,459228,899170,5204105,207634
1526 日馳,2934,1.4523,0.4767,13.4,2.41,3.681,29.28,527425,1263986,2480562,190579
1527 鑽全,6056,0,0.2259,12.82,1.46,5.3775,15.73,1311653,1260480,5418388,365267
1528 恩德,2382,0,0.2644,12.99,1.02,0.8368,30.47,914616,2781300,5139653,10286
1529 樂士,3243,6.2361,4.34,31.38,2,1.4797,28.36,684930,599303,2223466,87316
1530 亞崴,3207,-0.3003,0.0062,28.38,1.08,7.5301,57.39,712675,2889105,5990763,87947
1531 高林股,2929,0,0.0637,20.99,0.81,1.2642,35.55,835322,1335622,4939354,139906
1532 勤美,12431,0.7622,0.1433,13.06,1.03,3.1165,19.55,4082796,32837755,48771284,795236
1533 車王電,5775,-0.678,0.4678,40.41,2.38,0,33.03,1640883,4487255,7360487,20815
1535 中宇,4944,-0.125,0.021,13.23,1.57,3.3792,60.42,531391,3394362,6540299,298181
1536 和大,25520,0.7726,0.1531,56.71,2.97,1.2048,12.63,1004278,11449705,20112204,317277
1537 廣隆,11408,-0.3597,0.0389,15.92,3.12,7.2202,18.51,1479556,1463355,5102143,473907
1538 正峰,279,1.9324,0.0189,0,2.4,0,29.92,43000,274976,391176,-47744
1539 巨庭,1432,-0.2278,0.2585,30,1.08,0,34.19,339005,2614004,3939086,72216
1540 喬福,1291,-0.33,0.2106,83.89,1,3.3112,20.8,500776,208161,1504745,-12825
1541 錩泰,3455,-0.3409,0.0102,10.39,2.06,6.8415,38.66,167851,3221054,4896747,206076
1558 伸興,8838,0.6897,0.0975,11.57,1.79,6.5068,12.92,2570650,2780592,7781156,550288
1560 中砂,17216,2.9787,52.687,30.25,3.82,2.3007,15.28,920711,4640378,9427370,483307
1568 倉佑,2469,3.6797,0.7615,299.38,1.68,1.2526,40.76,422333,1586302,3046881,-2113
1582 信錦,8685,0.2857,0.1972,20.11,1.56,7.1225,12.61,2433085,5832549,11734086,181233
1583 程泰,7021,-0.3135,0.0045,21.34,1.46,4.717,42.2,1343322,6358019,12672698,276447
1587 吉茂,1795,-0.381,0.1137,14.86,1.42,5.4629,31.72,395063,1706349,2971467,87503
1597 直得,7209,0,0.0727,23.49,3.22,0.84,14.74,792145,1530449,3756257,247393
1598 岱宇,7287,-0.3683,0.1277,6.13,1.68,13.7455,10.55,938206,7809330,12286127,427192
1603 華電,5137,-0.3717,0.0699,17.52,0.75,1.8657,25.12,244699,2993176,8679779,229568
1604 聲寶,11577,0.3356,0.1173,6.46,1.31,8.3612,5.93,1584719,4951669,13698005,542411
1605 華新,90930,0,0.2169,7.66,0.93,3.3962,13.49,5771493,76715554,175668336,9887079
1608 華榮,14048,0,0.1111,6.13,1.25,3.1532,33.59,301154,4368288,13071825,595491
1609 大亞,16115,-0.3992,0.3519,14.26,1.75,1.2924,7.32,3550315,23427176,33429426,1055158
1611 中電,7116,0.4556,3.4211,157.5,1.72,1.3605,8.52,677337,1873648,6021431,18373
1612 宏泰,8503,-0.738,0.3645,13.45,1.56,4.461,13.82,378658,1439577,6902419,378265
1614 三洋電,9715,0.5571,0.0212,28.2,1.75,2.6296,34.73,77477,1459568,6860723,281893
1615 大山,4451,0,0.0268,10.42,1.95,3.3171,39.27,216798,1358827,3644016,311316
1616 億泰,2359,-4.7059,3.5509,36.82,1.47,0,18.18,189632,1618904,3187252,50215
1617 榮星,2582,-0.2786,0.0589,12.97,1.38,3.3519,49.78,899553,1777265,3676627,177290
1618 合機,2794,-0.6849,0.0861,13.43,0.66,2.5862,35.38,478082,861402,5064717,177329
1701 中化,6752,0.4435,0.0832,14.71,0.89,4.415,13.36,981260,5034012,12673722,362634
1702 南僑,14765,0.1996,0.1214,11.28,1.45,3.9841,17.63,11940080,20321687,31342003,908997
1707 葡萄王,23702,-0.9288,0.1006,18.5,2.78,4,12.49,2440595,3158048,12931137,1301188
1708 東鹼,8479,0.5908,0.7582,21.02,1.48,2.4249,19.94,874118,6153082,11884748,331964
1709 和益,11019,0.4348,0.5612,11.44,1.47,5.1948,18.56,295378,3557739,11338142,801244
1710 東聯,19840,0.2237,0.3652,54.63,1.51,0,10.53,2190695,18389440,34404175,1197844
1711 永光,14926,-1.9784,5.135,30.97,1.72,1.1009,19.32,1351983,4834367,13791821,403478
1712 興農,11879,-0.1767,0.3149,13.99,1.64,4.6018,13.14,1729014,7490348,14774763,737572
1713 國化,3766,0.2008,0.0755,22.28,1.59,2.6453,39.36,305239,160907,2526188,101110
1714 和桐,11338,-0.4464,0.2384,21.44,0.91,6.278,10.52,7134129,7172138,24043278,1330084
1717 長興,50231,-0.1233,2.533,13.68,2.16,3.7037,18.06,5544753,36572935,60212929,2801011
1718 中纖,17115,0.495,0.3568,0,0.56,0.9473,21.24,18721592,708361507,777420800,2887161
1720 生達,7702,-0.2315,0.1293,11.11,1.85,4.1763,49.02,1325452,2267792,7410775,545471
1721 三晃,5320,-0.53,6.2176,0,2.28,1.7762,15.07,389226,1695108,3973806,-108169
1722 台肥,68600,0.2865,0.3369,25.83,1.32,3.2857,24.08,2205125,25049455,77096600,2115846
1723 中碳,28547,1.6878,1.4457,26.31,3.92,2.3236,34.02,653555,4362612,11775080,864398
1725 元禎,6237,-2.5568,0.2007,17.96,1.55,2.7988,48.76,624280,2616363,6627870,231456
1726 永記,11972,0,0.0154,12.79,1.33,4.7361,45.43,1128237,1702583,10728085,701098
1727 中華化,5499,0.1972,10.7704,34.79,3.9,0,28.86,202682,1052881,2463770,61634
1730 花仙子,4015,0.1577,0.0127,16.28,2.42,9.0392,22.96,574475,724513,2469511,230065
1731 美吾華,2598,0.2564,0.1791,15.89,1.33,5.1151,32.12,203050,650111,2604940,144693
1732 毛寶,1460,4.2424,13.3871,49.14,3.01,1.4535,27.92,176004,177781,662250,16164
1733 五鼎,2599,-0.1919,0.4902,16.88,1.56,4.2065,10.16,466485,779420,2449344,111979
1734 杏輝,4847,0.3472,0.2832,0,1.77,0.692,17.55,1209365,3078699,6200332,-161557
1735 日勝化,1844,0,0.001,29.92,1.29,2.6954,65.02,189712,2314029,3742493,10201
1736 喬山,17094,-0.354,0.0846,331.18,2.1,1.9893,67.58,2577702,24304324,33314889,-407193
1737 臺鹽,6640,-0.4498,0.219,15.37,1.06,4.0663,42.16,1588110,2253186,8663934,318582
1760 寶齡富錦,6448,-0.3974,2.9018,43.72,3.33,0.8331,22.28,301340,1077914,3013595,105925
1762 中化生,5034,0.6202,0.321,12.34,1.8,2.3112,25.04,223768,1440765,4235856,308561
1773 勝一,35100,-1.6807,5.3355,22.97,5.52,1.7892,52.46,266082,3686168,10047035,1201967
1776 展宇,1512,0,0.0654,8.7,1.43,4.6519,9.36,611040,740637,1915869,55305
1783 和康生,3996,1.7647,0.2974,42.54,3.55,1.408,32.79,446119,116233,1241498,73889
1786 科妍,3283,0.202,0.0483,27.1,2.13,1.7836,17.18,685416,861684,2283645,76225
1789 神隆,19492,0,0.0433,98.6,1.89,2.0284,64.45,3732474,1127171,11448685,190750
1795 美時,25623,-0.5102,0.4738,17.41,2.36,0.3591,61.61,1570569,10110934,20951342,1153770
1802 台玻,77791,0,0.1458,7.35,1.56,1.8692,43.36,8376975,45722244,99139356,8792713
1805 寶徠,1474,-0.339,0.2254,0,2.46,0,13.15,65856,848368,1447665,-27199
1806 冠軍,5466,-1.5625,0.3158,5.14,0.84,0,15.47,2735471,3442573,9978579,522099
1808 潤隆,21728,0.5445,0.0265,17.48,3.38,0.3406,9.55,2097298,30493213,36552666,1071389
1809 中釉,2739,-1.5015,2.0109,546.67,0.95,1.2195,14.95,707832,977348,4335981,16820
1810 和成,6528,-1.3966,0.5805,5.62,0.93,1.1331,8.7,2582761,4086667,11665345,-200760
1817 凱撒衛,2679,-0.2703,0.0675,12.02,1.54,5.4201,20.98,194385,853216,2597409,160073
1903 士紙,16877,-0.916,0.0742,223.79,2.1,0,6.67,49886,3969303,12006275,111886
1904 正隆,39122,-0.5634,0.1506,9.15,1.47,5.0991,12.41,7193028,37622979,65690254,3028479
1905 華紙,27350,0.6085,0.5168,40,1.74,0,57.84,566389,16319902,33985626,675921
1906 寶隆,3118,0,0.8715,19.86,0.39,0.9685,35.01,98300,2232249,10162761,139415
1907 永豐餘,59026,-0.6983,0.1478,10.46,1.22,4.2194,16.07,7000571,69606504,132430086,7017853
1909 榮成,31176,-0.2045,0.2221,12.91,1.14,1.2295,36.75,2355474,49498391,76998886,2045638
2002 中鋼,556227,0.2837,0.1156,10.84,1.61,0.8487,20.1,16787328,308461746,678240076,49859373
2006 東和鋼鐵,48997,-0.5926,0.1654,8.21,1.76,3.3365,21.05,1731218,25655137,53755273,4362972
2007 燁興,11250,-0.4695,0.1504,0,1.5,0,73.57,370347,5989664,13474026,42222
2008 高興昌,4007,-0.25,0.0587,99.75,1.35,0,50.53,309707,4180814,7141347,55199
2009 第一銅,15859,-0.339,0.2094,33.92,2.44,1.8141,39.44,92728,1941728,8456210,328219
2010 春源,15803,0.8264,0.3286,13.05,1.44,2.459,21.12,584987,11425037,22938791,952061
2012 春雨,8921,-0.9585,0.0625,12.16,2.06,2.5806,29.35,1186257,8039267,12721741,633194
2013 中鋼構,11840,-0.3367,0.3545,23.87,2.38,4.7297,43.04,485509,10056538,15041174,230543
2014 中鴻,59073,-0.8434,0.5939,9.5,2.69,0.729,40.59,340592,12632283,34571168,5126128
2015 豐興,48564,-0.5952,0.0117,13.78,2.32,4.1916,11.72,1481761,5219456,26170703,2812438
2017 官田鋼,6820,-0.25,0.2074,10.67,1.46,1.5038,31.76,185630,5033703,10698038,510732
2020 美亞,7043,-0.1577,0.1155,8.89,1.97,5.3712,16.72,450109,4263855,7842929,468440
2022 聚亨,6908,-0.6897,0.3623,17.35,1.88,0,6.97,1000741,2882779,9022536,591363
2023 燁輝,47831,0,0.2021,10.59,1.56,0,30.19,4136010,63801985,95803437,3554590
2024 志聯,1965,0.2488,0.1549,14.39,1.6,1.2407,36.77,149543,704606,1931798,114172
2025 千興,1693,1.0067,0.2941,10.95,2.83,0,12.21,276124,1240038,1839148,148318
2027 大成鋼,92892,-0.2157,0.3402,10.1,2.13,1.4283,9.67,15853924,62657134,106070068,9746209
2028 威致,13924,-1.611,0.3623,9.29,3.29,0,36.88,134481,4094029,8323265,1223769
2029 盛餘,10631,-0.4511,0.1301,9.22,1.1,1.5106,65.77,2353722,1552691,11256938,965137
2030 彰源,8318,-0.3361,0.7778,9.53,1.85,1.6863,30.73,1337383,8587561,13076633,767421
2031 新光鋼,18691,-0.8518,0.2301,8.13,1.8,3.2985,21.82,1185503,13365829,24261292,1763068
2032 新鋼,3106,-0.4184,0.1594,16.88,1.72,2.2269,24.53,192900,411355,2219294,166359
2033 佳大,1432,-1.1142,0.1425,68.27,1.39,1.6901,11.78,63640,290616,1322459,10541
2034 允強,14362,0,0.1068,18.35,1.57,4.5655,17.21,817918,8257851,17373207,870344
2038 海光,6381,-0.9845,0.5368,16.37,1.87,1.4205,32.81,645557,5072110,8799383,315077
2049 上銀,104453,-1.129,0.294,29.79,3.48,0.6335,12.42,5019701,21319851,51356002,2778484
2059 川湖,49269,-0.1931,0.1049,29.11,4.11,1.1838,18.23,9081325,2620623,14606419,1444340
2062 橋椿,5480,-0.7246,0.084,13.24,0.86,0.2975,36.98,415216,7189721,13564057,304693
2069 運錩,5782,-0.9972,0.8216,9.03,1.46,1.4876,34.51,224592,7103818,10805518,502906
2101 南港,33441,0.5013,2.9916,71.61,2.86,1.1395,22.98,1374918,24343579,36040015,-729980
2102 泰豐,13656,1.5845,0.4789,0,2.31,0.0693,33.24,1338250,6392273,12138225,-1576439
2103 台橡,33359,-3.9239,1.8718,9.24,1.93,0.8911,14.15,3759755,12629094,31863590,2779881
2104 國際中橡,27769,-0.177,0.3757,14.69,0.86,0.3546,15.64,11852938,18787124,52505722,1505916
2105 正新,117015,-1.2312,0.1591,15.56,1.47,3.3241,29.58,18945951,65723994,145682522,4501290
2106 建大,28283,0.3226,0.1248,16.81,1.48,3.2154,24.99,6240397,26073573,45240666,1316039
2107 厚生,7873,0.4367,0.1306,11.68,0.68,6.5217,17.16,1942121,1431253,12962332,572950
2108 南帝,41954,0.1175,0.5,4.85,2.7,4.6948,39.26,8312375,3877491,19914838,6803194
2109 華豐,4693,0.2985,0.0369,10.7,1.57,2.9762,14.82,1435229,3758759,8122186,439150
2114 鑫永銓,9515,-1.6129,0.0551,9.12,3.2,3.7258,30.32,406413,451697,3423487,305972
2201 裕隆,41900,-0.3567,0.3952,8.95,0.82,2.3866,45.79,16608436,245031943,313152659,5582493
2204 中華,35100,-0.9375,0.0833,8.71,0.84,11.041,52.85,11188705,8200729,53337365,3588818
2206 三陽工業,21576,0,0.0629,13.13,1.41,2.4193,7.97,2892368,29436855,46068189,1564670
2207 和泰車,335354,-0.9677,0.0324,20.72,4.82,2.7687,19.2,15063055,235228383,324480388,15133118
2208 台船,20453,0.4577,0.1651,0,1.55,0,42.56,1211802,28221364,41454035,11220
2211 長榮鋼,23099,-0.1815,0.0636,18.58,1.13,3.8029,24.87,4404769,8583875,31817904,1241417
2227 裕日車,74700,0,0.0077,15.11,4.15,7.4418,87.83,3151439,7859367,25873310,2217288
2228 劍麟,5358,2.0202,0.3088,16.44,1.43,1.4851,25.61,1010777,1708326,5462471,186725
2231 為升,22981,-0.7895,0.2649,44.25,6.67,0.6366,35.68,1692674,4393624,8878783,405774
2233 宇隆,6240,4.3347,1.3966,11.49,2.09,3.6177,10.44,1189588,1821853,4830818,423671
2241 艾姆勒,4676,-1.3283,0.1457,0,2.77,1.1533,15.37,178584,1192695,2872955,-52840
2247 汎德永業,17473,-0.9153,0.052,13.79,1.54,5.0808,61.59,5781031,7757030,19131353,905475
2301 光寶科,149985,-0.468,0.0855,10.89,2.09,4.4662,6.05,69459307,111267095,181365189,7426845
2302 麗正,2811,-0.5882,0.2315,19.2,1.59,1.779,39.95,239681,408582,2171466,63108
2303 聯電,811411,0,0.3858,15.82,3.13,2.4495,6.89,113104860,171188907,428792631,36130819
2305 全友,2098,3.2389,2.3762,0,0.96,0,39.93,273108,634222,2828242,1579
2308 台達電,714324,-1.0791,0.0895,25.53,4.8,2,17.64,54393270,175545364,355623657,21704074
2312 金寶,23764,1.2539,1.5624,0,1.45,1.8006,6.54,8015187,80634327,106813231,968015
2313 華通,52142,0.2291,0.6006,11.82,1.73,3.4286,9.35,9953489,40445854,70609143,3123584
2314 台揚,18174,5.8433,1.2012,0,8.69,0,28.1,1116846,4236991,6327278,-303213
2316 楠梓電,6761,1.0929,4.2574,13.65,0.9,4.054,18.97,568109,5720053,13202309,373843
2317 鴻海,1441751,-0.9524,0.1233,10.24,1.08,3.8462,9.76,1073657635,2135551488,3648706167,93010900
2321 東訊,294,-1.7857,0.083,660,3.08,0,63.73,223693,1564007,2014677,13341
2323 中環,13269,9.5694,7.2309,20.82,0.74,6.1135,12.15,3404899,6917031,25240031,-88991
2324 仁寶,106653,-0.2062,0.1926,7.52,0.98,6.6116,5.94,79209934,408049933,525222697,8373093
2327 國巨,237793,1.1603,0.4773,10.78,3.15,1.0428,8.31,34173638,131489194,206614227,18546546
2328 廣宇,20423,0.6386,0.2826,23.04,1.72,1.6497,24.77,6830001,9508504,22976567,795587
2329 華泰,17189,2.3166,1.8691,19.78,2.27,0,30.99,2354877,7220140,15804544,1003044
2330 台積電,15947184,-0.1623,0.0791,27.83,7.68,1.7073,6.73,853811966,1253991574,3332311884,435487808
2331 精英,12542,0.6711,0.3545,0,1.22,4.451,39.72,3352333,14284412,24657868,-280260
2332 友訊,11397,1.3333,0.4905,14.18,1.4,1.7162,5.3,3214449,6383672,15019453,-124103
2337 旺宏,78324,0.8363,1.2187,8.31,1.82,2.8439,3.13,15152153,30662071,73694317,5766138
2338 光罩,27538,3.8462,23.1003,16.46,4.68,1.3765,24.58,3108876,10755586,15591143,1197
2340 台亞,31186,-4.6917,13.4911,36.46,3.34,1.6909,21.07,3513944,2956565,12249903,673227
2342 茂矽,7753,-1.2922,1.7617,24.22,3.45,0.5022,31.42,753269,1463189,3732958,122332
2344 華邦電,135320,7.425,5.7706,13.88,1.78,0.2941,30.22,22340398,57617357,140647490,10841656
2345 智邦,145577,0.1927,0.2045,31.94,10.38,2.498,1.76,5374738,18300226,32272085,3010872
2347 聯強,110418,-0.6006,0.1263,6.61,1.87,4.9849,19.73,10342970,117463436,178683000,4441240
2348 海悅,11551,0,0.1597,8.69,2.94,5.8651,54.15,1975498,14240475,19925016,1240983
2349 錸德,8151,4.4444,6.2142,0,1.39,0,3.27,3750306,9075253,19361990,-169685
2351 順德,31966,7.6687,10.1883,40.72,5.35,1.0256,13.25,500833,5857826,12158542,695163
2352 佳世達,59889,0.6612,0.2428,6.61,1.66,4.9261,17.78,16830176,121660627,181017364,5376773
2353 宏,92807,0.995,0.5582,8.58,1.49,4.9261,3.82,33107128,133642913,197296647,8108537
2354 鴻準,91800,0,0.1507,19.37,0.82,2.7735,6.04,66080208,72310621,184769410,3770749
2355 敬鵬,14588,-1.2113,0.9135,32.19,0.96,1.3624,11.83,3759352,8093112,23342842,354879
2356 英業達,89508,-0.3992,0.0905,14.94,1.63,7.4148,12.61,34268070,203281111,257958208,2596213
2357 華碩,279278,0.6693,0.3743,6.6,1.29,6.9149,5.56,39246026,229004790,458584521,32752647
2358 廷鑫,2872,0.2174,4.0701,33.41,1.67,0.3228,11.6,77268,2077132,3799668,83315
2359 所羅門,4098,9.8851,3.3621,48.78,0.92,1.046,18.94,1246288,2638447,7504455,59614
2360 致茂,84366,-1.7199,0.1045,19.96,4.73,2.2487,5.45,2850276,10286226,28457552,2006862
2362 藍天,21442,0.304,0.0662,12.64,0.48,1.8182,9.98,1947659,53490606,94012618,957437
2363 矽統,17922,1.5444,1.9641,146.11,0.78,2.8165,25.98,1245589,613722,23507592,265185
2364 倫飛,464,0,0.0202,14.06,1.56,0,34.1,257284,888425,1168568,17746
2365 昆盈,2880,-2.9851,5.8783,40.63,1,0.5847,8.1,1005373,654163,3565993,36418
2367 燿華,12450,-0.2481,0.6655,0,1.29,0,7.25,594752,12945023,22598425,75526
2368 金像電,41533,-1.2987,1.5975,16.67,3.91,1.9737,26.66,3470580,13303421,23806431,2086613
2369 菱生,10529,1.4652,3.2389,19.1,1.87,0,4.65,1560616,3380844,9137271,535385
2371 大同,76269,0.6173,0.7378,407.5,2.14,0,2.78,7204683,84499488,107516392,-237851
2373 震旦行,21211,-0.2222,0.0047,14.16,2.82,6.6815,52.64,2206279,9233295,17632446,1018172
2374 佳能,8819,-6.9803,14.0445,13.87,1.45,1.6009,21.97,2206491,2441929,8836753,-421886
2375 凱美,13720,1.9173,2.4683,12.07,1.65,1.9802,7.06,1309107,10922858,19240163,866797
2376 技嘉,98850,0.974,0.8619,9.16,2.97,3.2154,21.68,8557895,26695738,59866019,9635659
2377 微星,135599,-0.9259,0.4582,9.02,3.14,3.8006,16.37,11749850,51652017,94801178,12735732
2379 瑞昱,296197,0.346,0.1146,19.92,8.57,2.4138,6.5,12357936,67397852,101985548,12184342
2380 虹光,2993,0,0.9871,0,2.85,0,21.88,390375,1595656,2656298,-83170
2382 廣達,365791,0.1057,0.2257,11.06,2.44,5.491,28.09,176202484,524289462,680119695,24546928
2383 台光電,92551,-0.5367,0.2259,18.6,5.1,2.518,9.3,5567830,16881437,35059055,4009420
2385 群光,61338,-0.1214,0.176,10.15,2.06,6.6829,12.35,2909757,48553643,82006972,4886741
2387 精元,9313,2.0321,0.928,7.46,1.18,4.2153,33.32,2415336,12704892,21510854,857655
2388 威盛,42544,-1.7162,0.87,7.45,4.47,0.9297,9.49,8079049,7258899,18189622,-1145547
2390 云辰,4933,1.766,2.5282,3.62,1.3,0,29.31,1254371,351324,4157898,-272945
2392 正崴,20263,0.6361,0.1895,15.95,0.85,6.3211,21.6,7661781,50923540,81316411,821582
2393 億光,23370,0.7648,0.4927,11.69,1.28,4.2694,7.82,4704102,13059086,31561284,1695324
2395 研華,307047,-0.9988,0.031,39.93,8.71,1.7856,44.46,7036233,18307215,53985809,5926293
2397 友通,6995,0.8251,0.0507,25.25,2.65,4.9185,58.9,1529146,6482310,11546879,346821
2399 映泰,4381,-2.9586,3.1606,14.06,1.87,1.626,23.99,595497,650407,2998169,124557
2401 凌陽,22999,-0.3846,0.5936,22.99,2.4,1.3526,17.59,4112802,3080902,14876754,710131
2402 毅嘉,5259,-0.2915,0.2887,22.8,0.9,2.924,17.83,1741024,3415600,9050544,142141
2404 漢唐,34591,1.3966,0.9607,12.11,3.85,9.3664,10.95,8108991,14900928,24016021,1841233
2405 浩鑫,6972,-0.4902,8.6903,70,2.06,0,7.71,1282476,596701,3977215,20913
2406 國碩,9907,-0.1441,1.2976,88.85,3.36,0,6.02,2755382,7393102,14865029,-8176
2408 南亞科,241876,1.9582,0.5064,13.95,1.45,1.6602,62.02,71557947,19791487,186304200,16394478
2409 友達,220395,0.6593,0.8768,3.71,0.95,1.31,0.37,87922001,192805030,435087840,51156497
2412 中華電,903743,0,0.0537,25.6,2.44,3.6961,35.31,23577346,114055913,495881816,27592927
2413 環科,2866,-1.0989,0.3785,281.25,1.79,0,48.23,571358,3187521,4785057,-1152
2414 精技,6025,0,0.0779,11.36,2.06,4.8322,39.08,625164,5104187,8507334,464915
2415 錩新,3456,-1.0309,0.2563,14.21,2.29,1.1574,14.39,600059,5778309,8342599,235317
2417 圓剛,4938,-2.439,4.2038,11.85,1.46,7.8125,5.18,1882919,2540516,6720500,318852
2419 仲琦,7846,-0.4175,0.2681,48.67,1.64,4.1929,61.12,1854541,4784971,10105846,129752
2420 新巨,6907,-0.2205,0.2686,12.68,2.13,5.6353,23.23,1095658,2705365,5982836,430857
2421 建準,11141,-1.4428,0.8656,27.24,2.67,5.4054,8.95,1831054,7061467,11241221,259226
2423 固緯,4185,-0.173,0.211,16.58,1.81,4.1594,43.05,441700,1161649,3471168,195698
2424 隴華,799,0,0.0026,0,2.95,0,39.2,66723,280997,501436,-162606
2425 承啟,2979,0.3419,0.8039,25.09,1.65,1.7036,29.27,501242,1016624,2970633,185105
2426 鼎元,8523,-0.8741,0.8968,34.57,2.17,1.3228,7.49,601218,2394290,6363366,205949
2427 三商電,2405,-1.8797,2.1067,21.05,1.07,2.2988,53.9,399539,2501538,4761195,104570
2428 興勤,20178,0.9615,0.2287,12.26,2.61,3.492,37.99,2534775,4836102,12686121,1221506
2429 銘旺科,815,-0.9662,0.2164,0,2.98,0,34.3,95925,577871,897628,-11662
2430 燦坤,6417,0.1299,0.1556,11.54,1.29,4.0207,31.49,1824267,10245967,15230417,454654
2431 聯昌,1536,-1.0714,0.6112,11.26,1.04,1.8051,34.79,926160,635385,2119870,-48451
2433 互盛電,7413,0,0.0201,13.39,1.82,7.0175,59.85,755595,3167095,7870735,444892
2434 統懋,1447,-3.4568,0.0189,56.67,2.71,0,39.48,114957,125156,659330,-16182
2436 偉詮電,17196,-0.5149,1.9729,23.33,4.83,1.6563,8.35,597035,1493256,5045079,277570
2438 翔耀,960,0.6309,0.5681,531.67,1.64,0,39.42,193947,126501,944003,11280
2439 美律,20490,-0.1058,0.2087,17.07,1.81,5.2239,8.41,6266608,22521915,33987295,647919
2440 太空梭,2685,-4.6914,1.8078,18.38,1.96,0,40.22,272185,1080056,2452752,83459
2441 超豐,44427,1.0349,0.1728,10.64,2.25,3.9693,44.39,2902246,4577243,24303819,3416206
2442 新美齊,3327,-2.1583,2.5663,5.46,0.88,0.7299,27.21,684362,7314000,11664559,432893
2443 昶虹,497,10,0.407,0,1.29,0,9.32,350548,246541,659221,-103138
2444 兆勁,1520,-1.3699,0.6044,0,1.72,0,0.06,110082,893082,1741793,-9539
2449 京元電子,54779,0.5612,0.493,12.95,1.71,4.4643,9.06,8525555,37802600,70486739,3389981
2450 神腦,8626,0,0.05,15.05,1.45,4.491,36.95,3109023,5152889,11123407,435808
2451 創見,31364,0.137,0.192,13.59,1.62,4.1724,21.33,1639693,2276153,21614786,1969782
2453 凌群,2900,-1.3605,0.465,14.22,1.56,5.1724,22.32,407646,2308989,4179530,129050
2454 聯發科,1902649,0.4219,0.2413,19.7,4.76,3.0927,2.85,168237873,209411238,608474629,72554962
2455 全新,26626,-0.6897,0.5543,32.88,8.63,1.7986,6.43,1155034,1668874,4754977,663290
2456 奇力新,24968,0,0,20.52,0.97,2.1091,10.31,2736162,12433890,38309620,1269427
2457 飛宏,18873,-0.5929,15.275,0,3.91,0,18.25,2026039,7219970,11554562,-295261
2458 義隆,51660,1.1905,0.5028,9.74,5.09,5.2941,5.76,3536424,6563842,16333939,3632406
2459 敦吉,6293,0,0.0634,11.55,1.4,5.5369,27.89,1296291,4240437,9110880,472037
2460 建通,5381,3.2468,6.1141,23.21,2.24,0,53.04,1006485,3223712,5582043,229076
2461 光群雷,4186,0.3953,5.8789,10,1.5,2.7992,8.51,2313222,3813826,7783242,166841
2462 良得電,4066,-1.2069,0.2882,33.31,1.59,2.7923,44.31,323331,2489078,5050261,-106009
2464 盟立,8554,0.8065,1.0587,16.26,2.09,4.5714,13.83,1793506,6634387,10738252,422261
2465 麗臺,4223,-4.3689,11.3554,10.93,6.31,0,1.78,379070,1346853,2014439,353998
2466 冠西電,6087,-0.2725,0.0427,1220,3.55,0,10.34,551528,2444034,4055127,21821
2467 志聖,7929,-0.1916,1.0691,12.49,3.05,4.727,11.25,1134354,4591301,7399774,537534
2468 華經,1014,0,0.2687,32.95,0.89,2.7586,67.8,164862,564838,1705251,32435
2471 資通,1252,-0.9346,1.9469,13.8,1.66,5.6603,17.73,452622,501186,1259552,57524
2472 立隆電,10835,0.6042,0.378,12.57,1.89,4.3918,34.74,1440640,4194230,12684416,1066039
2474 可成,119193,-0.3185,0.1744,6.24,0.79,3.8339,4.16,21413922,96874077,247565583,5136957
2476 鉅祥,14369,-2.6718,6.9429,22.43,2.9,1.5447,11.91,2857037,3251481,8795247,620624
2477 美隆電,6115,-0.3231,0.1791,3.66,1.42,4.7001,26.21,1600034,4914064,9539490,-930227
2478 大毅,9466,0.9259,0.2225,11.6,1.53,4.5871,14.85,1907001,3530119,9763920,756212
2480 敦陽科,7743,0,0.0461,14,2.77,5.9066,9.1,1255135,2771071,5562087,413924
2481 強茂,40961,0,1.2442,20.98,4.32,1.2188,18.51,2296370,14277988,22647172,1501215
2482 連宇,1074,-0.2907,3.0255,0,1.41,0,32.56,348093,422043,1175553,-12054
2483 百容,2918,-1.8349,3.64,23.06,1.18,2.6168,18.96,642590,1771598,4258309,149047
2484 希華,6233,-0.7614,1.2125,20.15,1.73,2.5575,9.46,713026,1794935,5400881,302602
2485 兆赫,6957,0.4587,1.2849,0,1.11,0,11.56,1333217,2348623,8859030,-254459
2486 一詮,11431,-1.341,0.9033,39.92,2.83,0,18.75,841124,3396982,7508476,339862
2488 漢平,2200,-0.1815,0.105,14.86,1.09,5.4545,19.45,1541558,1724180,3766908,80673
2489 瑞軒,13376,-0.565,0.2437,2.23,0.78,0.7955,8.77,2993651,9724984,27137968,-1311470
2491 吉祥全,1710,0.2404,0.111,11.65,1.54,1.9185,33.38,118968,214487,2197172,34805
2492 華新科,81129,0.3003,0.2824,9.36,1.92,3.6002,28.84,11078167,42987196,92550464,7712354
2493 揚博,4412,0.2601,0.1442,14.49,1.92,6.4851,13.01,462339,1395681,3694208,231615
2495 普安,5197,0.2639,1.1117,76,1.32,1.5789,14.6,437328,1400692,5344647,112913
2496 卓越,945,0.1011,0.0471,16.89,1.21,9.132,23.56,171110,423871,1203715,46788
2497 怡利電,9825,-1.4303,4.107,516.88,7.56,0,24.45,353924,1597170,2896789,3899
2498 宏達電,69875,-1.1655,3.7035,0,2.52,0,6.81,20559676,17156445,44765114,-2703425
2501 國建,22322,-0.5168,0.0116,25.33,0.94,5.1948,45.3,3121647,41436766,66040283,-230152
2504 國產,34397,-3.4768,1.2674,12.35,1.67,5.1458,10.33,2364011,12787784,34474456,1918513
2505 國揚,9310,0.2045,0.0971,9.07,1.02,9.2602,7.5,3040921,7864150,17065001,844573
2506 太設,3769,-0.2049,0.0256,19.48,0.52,2.0534,10.77,914325,5406465,14012369,154899
2509 全坤建,4143,0.545,0.391,17.74,0.98,8.1301,29.42,2268733,2957649,7506945,58588
2511 太子,21753,-0.3717,0.0625,13.4,0.88,2.9851,28.73,4697597,23767209,48744924,685507
2514 龍邦,6987,0,0.0165,2.92,0.63,0,24.25,1493447,13832384,24054049,293979
2515 中工,13870,-0.1103,0.4615,27.45,0.68,2.5717,11.68,1880624,24354311,44723714,280906
2516 新建,1518,7.0175,1.6864,0,0.86,0,9.17,1207308,4046228,5820556,64505
2520 冠德,20920,-0.1323,0.1433,4.44,1.24,5.7797,31.25,13362914,33736654,52515800,2822449
2524 京城,15168,-0.2445,0.0218,9.83,0.96,0,53.97,619490,19018199,34793452,1072157
2527 宏璟,8434,-0.3195,0.1132,5.08,0.8,4.4872,69.14,462421,7503414,18080975,1431069
2528 皇普,7177,-0.4577,0.0133,33.98,1.84,0,41.11,288316,12515765,16422363,164919
2530 華建,10451,-0.3436,0.1179,0,1.24,0,34.63,3980212,8565954,17231036,-94719
2534 宏盛,11381,0.4184,0.1221,13.48,0.86,4.1667,6.75,775644,19823402,32978270,575793
2535 達欣工,11086,0.4601,0.2777,8.62,1.29,7.6332,16.03,8044419,13820898,22296700,825391
2536 宏普,7705,0,0.0451,77.17,0.66,5.1836,35.8,757970,14807841,26582238,-69206
2537 聯上發,3111,0,0.4212,9.86,0.73,3.8647,23.44,1051847,8637802,12909912,359400
2538 基泰,5524,-0.3953,0.3072,0,0.93,3.9682,6.72,253235,14458022,20779555,-130456
2539 櫻花建,19933,-0.1605,0.0392,23.38,2.47,0.5608,64.44,713905,13737937,21788609,338409
2540 愛山林,11643,0.2778,0.0149,13.1,1.9,1.2591,50.4,494977,11975008,17554938,456051
2542 興富發,62701,0,0.4153,7.63,1.59,4.1645,5.2,10781122,153026645,194229813,8026232
2543 皇昌,1883,0.8906,0.0396,33.04,0.92,0,50.24,98941,6068857,8305156,56141
2545 皇翔,12274,0.5369,0.065,8.3,1.12,12.016,45.05,629738,33181697,44132538,1040631
2546 根基,5265,0.2018,0.1801,7.06,1.57,7.2507,34.36,4494910,6006112,9349640,526366
2547 日勝生,9766,2.8436,0.6919,54.25,0.89,5.7143,13.97,2502925,45006218,56454402,-174682
2548 華固,25301,0.3293,0.0394,11.31,1.48,7.6586,15.61,2552501,23178840,40435167,1673982
2597 潤弘,22656,0,0.0524,12.75,3.74,3.8731,50.33,1441336,8495060,16103776,1374908
2601 益航,10936,-0.7576,0.5098,54.58,1.11,0,18.05,2905188,20647991,33841849,29199
2603 長榮,753946,-1.0417,1.6013,4.39,3.05,1.7445,14.27,98043087,251653413,523975759,176850714
2605 新興,17092,-1.0169,0.9135,74.87,1.2,1.7123,5.62,4957742,5916996,21587198,486918
2606 裕民,51041,-1.1457,0.7267,14.28,2.09,1.9868,40.44,13135312,36788492,61161683,2401491
2607 榮運,31267,0.3425,0.2242,37.56,1.19,1.0239,48.83,3824528,12735571,39116749,611660
2608 嘉里大榮,20992,-0.443,0.0889,15.13,2.01,3.7375,48.94,1563049,12147175,23159117,1027012
2609 陽明,422545,-2.8112,2.3586,3.52,2.37,0,36.69,90124977,148495555,327579256,110086488
2610 華航,163160,2.9907,2.4474,42.38,2.5,0,44.06,36894146,209450685,275886836,2122528
2611 志信,3471,0.7481,0.3783,7.24,1.16,0,41.75,925390,1073758,4293859,51486
2612 中航,11533,-1.1844,0.474,14.94,1.12,2.7397,62.09,2364367,7791431,18150471,131889
2613 中櫃,3918,0,0.1139,25.63,1.14,0.7576,48.64,549719,7826926,10993331,116323
2614 東森,17482,-2.5074,1.6468,21.74,2.84,2.548,5.6,1772128,9103314,15719173,600518
2615 萬海,484365,-1.2438,0.8894,6.29,4.38,0.458,8.35,69560394,104184323,215200988,68585402
2616 山隆,5011,0.2747,0.0626,11.93,0.94,6.0274,25.12,1356560,4671119,10132004,358832
2617 台航,15502,-0.4021,0.4496,14.46,1.05,2.4226,48.65,247213,7288121,22083187,682045
2618 長榮航,143633,2.5688,1.5542,0,1.91,0,26.4,46902369,243023515,323947978,-592894
2630 亞航,2818,-0.5305,0.0692,39.06,1.41,0.6981,82.29,248340,2791169,4714174,59584
2633 台灣高鐵,166597,0,0.0432,31.49,2.49,3.5473,61.35,47793150,373324370,440206745,2725548
2634 漢翔,27644,-0.8446,0.1856,57.55,1.96,0.6814,36.42,2698641,28582262,42701423,374706
2636 台驊投控,20773,-0.7273,1.0717,6.36,2.22,2.1014,11.26,5357725,6324151,15255294,2289287
2642 宅配通,6864,-0.6906,0.3205,27.44,2.53,2.5035,46.15,932145,2202091,4911786,196913
2701 萬企,5490,0,0.0096,45.19,0.73,2.0492,51.53,187511,1339855,8810748,65475
2702 華園,2817,-0.1957,0.0579,0,3.48,0,23.29,2118854,7280932,8089880,-105052
2704 國賓,11411,-0.1605,0.0444,0,1.01,0,20.25,404009,3487732,14810266,-36430
2705 六福,3358,-0.5666,0.0857,0,0.68,0,14.05,218340,10796596,15720657,-523934
2706 第一店,7200,-0.346,0.022,48,0.82,1.0417,54.33,301154,1497887,10302668,68626
2707 晶華,19238,-0.6579,0.0863,9.14,4.22,0.7267,46.82,625416,5880976,10734419,280812
2712 遠雄來,4484,5.4321,0.1686,1423.33,3.76,1.6393,51.12,54162,211732,1404119,-15761
2722 夏都,3569,4.4046,0.0699,1600,1.89,1.5625,72.56,98966,655492,2676184,-18763
2727 王品,10393,0,0.1494,0,3.75,3.2331,8.1,1568745,9629679,12884155,-75449
2731 雄獅,6451,-0.58,0.1528,0,4.26,0,21.12,2626504,3692313,5355031,-363711
2739 寒舍,2526,0,0.0332,0,2.68,0,42.08,149218,12643680,13584668,-626371
2748 雲品,3570,0.2541,0.0608,0,2.6,2.1146,69.37,666543,3095175,4238375,-101474
2753 八方雲集,8487,0,0.1272,13.76,2.83,4.2979,30,1671682,2092008,5132597,383870
2801 彰銀,178306,-0.2933,0.0538,21.79,1.06,2.0967,43.54,30438264,2271450479,2439697731,6775416
2809 京城銀,45466,-0.4908,0.2759,5.89,0.92,4.439,4.11,3560187,284715395,334028948,5912725
2812 台中銀,55143,0,0.1174,11.36,0.88,1.8069,25.62,15306763,688108167,748300145,3565730
2816 旺旺保,4383,0,0.0273,9.25,0.72,4.0816,64.93,3118494,12707803,18771587,388148
2820 華票,23099,-0.8646,0.0269,12.65,0.91,5.0581,51.23,343142,216456193,241868024,1444139
2832 台產,7389,0.2457,0.0712,291.43,0.78,5.3922,29.97,4455389,11143478,20647043,-108746
2834 臺企銀,76658,-0.6024,0.3857,15,0.76,0.9769,21.08,31745333,1909082093,2010351642,3897720
2836 高雄銀,14078,0,0.0512,16.58,0.83,2.4071,58.32,2910802,264335176,281888662,695743
2838 聯邦銀,44815,-1.0909,0.06,10.46,0.74,0,15.23,8453489,754619125,819059634,3570366
2841 台開,3196,0.2387,0.0574,0,0.22,0,7.46,54310,19835226,34281012,-2628969
2845 遠東銀,37775,-0.9217,0.0863,15.81,0.77,2.9757,8.18,6713097,654796964,704148583,2215079
2849 安泰銀,32012,0,0.0029,12.87,0.93,4.4648,56.33,2004110,282041817,316591113,1864439
2850 新產,15008,0,0.0538,7.04,1.04,4.1053,22.81,11059641,28386946,42831213,1737258
2851 中再保,17505,2.9514,0.3891,10.09,1.12,4.3845,62.88,18413059,32674300,48332211,1653041
2852 第一保,4412,0,0.0555,10.17,0.61,2.3891,19.68,1776649,9667403,16866212,467953
2855 統一證,34430,0.2119,0.0743,6.8,1.11,6.0985,0,5499198,82236356,113293575,3341073
2867 三商壽,24666,-0.431,0.0917,7.97,0.59,0,41.67,65067026,1344306301,1385861802,1958810
2880 華南金,279716,-0.2353,0.0491,15.59,1.41,1.2178,25.26,33817530,3199185058,3396958881,14184127
2881 富邦金,900719,-0.3916,0.1148,6.29,1.13,3.4085,27.66,267787048,9278375660,10154175741,132569205
2882 國泰金,823076,-0.7937,0.1208,6.92,1.07,4,34.27,476817293,10513817017,11383850222,122369460
2883 開發金,300874,-0.5682,0.6773,7.61,1.18,2.7402,1.67,152297636,3087362991,3392342353,33610253
2884 玉山金,374597,0,0.1056,18.83,1.98,2.0465,2.12,59477489,2862676622,3052337471,15899274
2885 元大金,307077,0,0.0898,9.34,1.17,4.7431,4.72,73297712,2699667759,2982034826,30950661
2886 兆豐金,483474,-0.1404,0.0639,18.81,1.49,4.4444,20.61,145407994,3880759026,4204214016,19704685
2887 台新金,216208,0,0.1315,11.28,1.19,2.8026,4.33,36291205,2272230855,2467069605,17758655
2888 新光金,155925,-0.4505,0.4916,8.63,0.64,3.3413,4.1,80148509,4340350191,4590106667,21655185
2889 國票金,48110,0.627,0.195,12.07,1.2,3.9133,7.03,2255561,293787996,337301520,3547105
2890 永豐金,182028,-0.6154,0.1297,11.54,1.14,4.3344,2.76,30935074,2108830665,2268476923,12794116
2891 中信金,505947,-0.5747,0.0851,9.76,1.25,4.0462,1.53,132864187,6326646592,6741334875,46475691
2892 第一金,317622,-0.2037,0.0747,15.91,1.42,3.6371,19,43069096,3402835749,3625891409,16525670
2897 王道銀行,21864,0,0.1088,14.29,0.67,2.5,27.58,10821501,535355813,589972964,2516074
2901 欣欣,1932,-1.6729,0.1657,661.25,2.28,0.6635,48.78,390669,131801,980337,-880
2903 遠百,30393,0.2336,0.0227,18.65,0.98,5.1282,17.4,10499005,83507642,122717353,1343835
2904 匯僑,1753,0.3953,0.0942,17.16,1.84,7.874,42.67,144749,662461,1618447,65681
2905 三商,20688,0.2212,0.0722,9.21,1.05,4.3956,40.88,66849867,1366404130,1412280594,2543059
2906 高林,3199,-0.3257,0.1291,34,1.07,1.9608,30.5,422629,4293431,9877951,202017
2908 特力,10988,-0.6912,0.0614,13.22,1.6,4.9652,13.59,1446807,31481501,38315634,993498
2910 統領,8349,-3.1477,0.0225,51.28,3.01,1.25,51.74,47113,3584069,5918873,83612
2911 麗嬰房,1509,0.7398,0.2182,0,0.86,0,24.6,262934,3145787,4953798,-353276
2912 統一超,284337,0,0.0507,32.25,8.95,3.2907,45.9,45105386,169358046,209271313,7239649
2913 農林,16037,-0.4902,0.1803,1015,1.02,0,31.16,105796,9461902,25193898,-164340
2915 潤泰全,71596,0.3086,0.4471,3.69,0.54,1.5779,21.98,18364055,38754172,143076612,14035703
2945 三商家購,4779,0,0.083,23.29,3.21,3.4268,83.37,233427,3725785,5049695,158149
3002 歐格,1331,0,0.2245,326.25,1.12,0.7816,56.52,358336,515585,1818052,-2107
3003 健和興,14274,-0.3261,0.76,22.64,2.78,1.3086,16.06,2071042,2672547,7846459,570689
3004 豐達科,3038,0.3478,0.0475,0,1.73,0.8665,47.19,117236,2494220,4253146,-102468
3005 神基,33266,1.6423,0.2579,7.67,1.94,6.3721,34.96,6228992,16488508,35330520,1046468
3006 晶豪科,47216,1.227,1.2591,10.99,3.88,1.2121,5.67,9216312,7163372,18662507,3765519
3008 大立光,330656,2.4948,0.9706,16.14,2.33,3.1136,28.44,85476871,27009808,168929681,13509906
3010 華立,25254,-1.8349,0.5877,10.03,1.78,4.0315,13.06,3360191,26471697,42651922,2305834
3011 今皓,1341,0,0.7816,0,1.54,0,12.34,119642,979135,1850587,-48074
3013 晟銘電,2409,-0.3226,0.7189,0,1.06,1.9417,31.2,254031,3349726,5616074,-80257
3014 聯陽,17477,0.9302,0.8356,10.66,3.13,5.5299,12.81,1782565,2238776,7823054,1391867
3015 全漢,8614,2.1088,0.7113,12.47,0.63,6.5217,24.25,2249295,7370646,21320839,581643
3016 嘉晶,37934,-1.8382,0.7556,136.22,8.59,0.1846,63.89,1659482,2170827,6557108,266454
3017 奇鋐,31162,-0.5637,0.6049,11.53,2.69,3.1746,17.65,13491704,32540427,45711040,2653489
3018 同開,1492,-1.4493,0.5865,0,2.99,0,17.61,150896,1323912,1804576,-80950
3019 亞光,26394,0.3205,1.1296,21.79,2.25,1.065,7.32,10347661,6818737,22293978,1396601
3021 鴻名,2402,-0.1953,0.2894,17.62,1.9,2.7397,39.38,403803,1489701,2742643,121184
3022 威強電,8265,0.6452,0.1325,8.63,1.06,4.2735,27.49,2779966,3502177,11291291,677022
3023 信邦,66329,-1.0453,0.2822,28.29,6.83,2.2124,9.09,3877333,15741967,26152711,1944454
3024 憶聲,3880,0,0.2695,21.88,1.41,0.7143,12.55,463264,1405211,4152256,-195279
3025 星通,1684,-0.2101,0.6134,103.26,2.2,4.2105,13.89,124505,239679,1006767,-7580
3026 禾伸堂,18880,0.4202,0.2234,9.98,1.98,6.6945,9.32,4348128,6644919,16440313,1541418
3027 盛達,2254,2.2422,0.349,134.12,1.49,0,19.44,618748,868472,2425398,-29878
3028 增你強,7441,-0.4292,0.3531,8.97,1.46,5.4602,15.84,1492507,14962834,20069964,699637
3029 零壹,6686,0.4566,0.4745,11.08,2.04,5.6736,11.34,936120,4160833,6910428,402899
3030 德律,13819,2.4518,0.5237,12.91,2.37,5.641,18.86,1026075,2013235,7850026,928004
3031 佰鴻,4696,-1.3359,0.9891,17.83,1.66,3.0948,50.6,863927,644370,3468645,217519
3032 偉訓,3818,-1.7493,0.7009,11.31,1.58,9.1988,29.31,1636213,4268810,7857689,296364
3033 威健,13233,0.314,1.1966,8.9,1.75,3.7323,14.28,2376929,19686533,26981006,1253443
3034 聯詠,327988,0.9363,0.6381,10.39,5.53,2.8942,7.04,42790590,43756829,103036055,27932320
3035 智原,59404,0.4202,9.4971,84.75,8.1,0.4184,14.47,4278901,3381320,10928859,758694
3036 文曄,58770,2.7972,1.3885,9.66,1.37,4.3371,49.72,4363730,120257404,170062014,5896717
3037 欣興,340785,-0.8584,1.2394,33.14,6.16,0.615,14.51,23418077,85602191,145706873,6146023
3038 全台,3159,-1.0178,0.2568,13.79,1.48,6.1696,21,844876,1629113,3617698,175383
3040 遠見,2397,-0.1312,0.0698,15.92,1.49,14.9803,26.29,192213,119674,1723847,51674
3041 揚智,8122,-0.3563,17.3352,0,2.62,0,1,700457,655807,3729888,-90665
3042 晶技,32679,-1.4019,1.752,11.61,2.82,3.6019,6.85,2755006,7913622,19513026,2413140
3043 科風,776,0.5051,0.1083,0,9.05,0,1.72,92047,1185201,1240365,-29932
3044 健鼎,65438,0.8097,0.0862,10.61,1.79,5.9036,5.48,20538823,46472240,83042097,3869777
3045 台灣大,351923,-0.4975,0.049,26.53,4.51,4.2913,17.57,12665369,117939810,187502341,9713839
3046 建,3240,-2.8908,0.9769,31.28,5.24,0,52.52,556819,1122871,1758391,56234
3047 訊舟,2701,0.3521,14.6556,0,1.29,2.0338,6.68,1453458,4527648,7397914,-54129
3048 益登,7981,0.3077,0.4358,7.6,2,5.2984,22,1455907,19893517,23883893,770422
3049 和鑫,13920,-3.8997,7.2096,14.02,1.39,2.2609,34.57,2945500,5822779,16394586,636403
3050 鈺德,2686,-1.6043,1.9043,20.22,1.15,3.2609,23.25,972399,2406280,5068417,63667
3051 力特,5423,-9.887,6.1835,12.46,5.1,0,13.03,190849,2960613,4992626,271680
3052 夆典,2459,0.4673,0.1731,21.94,0.72,7.4418,19.54,205442,6674266,9725788,76643
3054 立萬利,2152,4.0323,1.1222,51.6,2.32,0,54.25,274587,68378,976735,-35296
3055 蔚華科,3550,1.3559,0.2526,0,1.45,0.5765,34.01,882984,4083756,6315654,-343246
3056 總太,8622,-0.2454,0.1622,5.74,1.72,10.8241,21.9,1759195,12515063,17496260,678794
3057 喬鼎,1331,0,0.1925,0,1.67,0,5.2,423562,584597,1381768,-7984
3058 立德,2561,-0.6154,0.3292,0,1.62,0.9485,6.65,362420,3594171,5162960,-235138
3059 華晶科,13294,-2.7579,6.8975,57.35,1.52,1.044,5.49,5438633,6543835,15775956,223595
3060 銘異,3570,-0.1923,0.7277,64.88,1.25,0,6.05,762414,2207679,5101594,135784
3062 建漢,10203,-2.5118,3.0082,124.2,1.85,0.4831,6.36,1371369,2294633,7821901,-171499
3090 日電貿,9630,0.3724,0.1668,12.19,2.21,5.7514,8.12,1015078,4116087,8854617,712326
3092 鴻碩,5198,-0.53,0.5839,0,2.72,2.4035,9.16,737091,2961689,4869859,7361
3094 聯傑,3969,1.8458,84.2589,64.25,3.73,1.7058,10.47,664202,125838,1153761,53021
3130 一零四,5891,0,0,17,3.99,4.3943,58.98,2269543,1219323,2701454,276564
3138 耀登,10536,-0.6608,1.312,52.81,8.42,0.7091,22.47,621839,795237,2094728,97178
3149 正達,6419,-0.639,0.2132,0,4.2,0,10.61,644909,2922610,4451001,-44046
3164 景岳,2103,1.0373,0.1517,27.36,1.59,2.8737,13.3,144250,131317,1603282,67928
3167 大量,8494,-0.4695,1.8681,12.91,3.9,2.8302,37.85,441240,3820959,5995178,359363
3189 景碩,105047,-1.4799,1.6143,39.42,3.8,0.4292,39.06,12930274,21989601,53412529,2957069
3209 全科,5896,-0.1698,0.1646,8.24,1.68,4.4924,12.92,938223,14116387,17852917,601973
3229 晟鈦,608,0,0,0,1.9,0,22.81,103105,295106,619062,-54744
3231 緯創,84630,-0.3419,0.2014,11.17,1.21,7.5481,3.38,69049874,378571721,459587561,10014573
3257 虹冠電,5503,-1.0072,1.9003,13.62,3.3,3.9653,16.14,662053,236880,1900847,316947
3266 昇陽,4844,-0.722,0.0193,38.19,0.92,0,39.05,473705,6539122,12321872,137150
3296 勝德,1843,-0.7813,0.3029,0,1.37,1.2073,18.79,384092,1532500,2877360,-82715
3305 昇貿,10877,1.375,4.6124,20.74,2.52,1.7185,24.88,591031,3533305,7767698,432498
3308 聯德,1193,0,0,0,1.8,0,38.13,502668,762251,1425289,-41221
3311 閎暉,2455,-0.1383,0.2015,34.38,1.04,0,41.71,1484436,674003,3043321,41781
3312 弘憶股,3386,0.8197,0.8945,7.83,1.88,0,27.86,1237249,4906619,6709707,345300
3321 同泰,2217,-0.6993,0.2363,0,2.55,0,28.14,137249,1382297,2251059,-63064
3338 泰碩,4827,0.1825,0.7564,31.19,2.97,3.2759,20.29,440349,2307562,3931494,116111
3346 麗清,4252,-2.1111,0.6319,35.52,1.83,0.3469,11.68,499366,3561898,5879475,54322
3356 奇偶,2847,0,0.2071,14.74,1.62,3.1574,19.55,575035,625858,2398081,72672
3376 新日興,18594,2.3305,0.5704,13.45,1.22,7.2291,14.45,1502075,4538967,19730490,817785
3380 明泰,18175,-1.757,0.5492,31.65,1.92,2.9806,54.86,3513207,11966703,24348817,411453
3383 新世紀,587,9.9607,1.68,0,8.74,0,8.68,82648,2648580,2715673,-173823
3406 玉晶光,59268,0.9542,1.0773,24.99,3.71,0.9436,10.99,2120397,12615502,28582677,1372239
3413 京鼎,22438,-1.1628,3.3582,15.91,3.21,2.7347,8.78,6469497,5907758,12942412,1207920
3416 融程電,5685,-0.1274,0.0759,15.81,2.58,5.0992,48.91,400328,1056609,3262420,287416
3419 譁裕,3078,-1.3514,2.2427,0,2.14,1.9569,18.25,344354,908860,2349753,-14994
3432 台端,1015,-2.2436,0.8515,23.46,0.65,1.6393,39.36,145951,258645,1825690,-43688
3437 榮創,3715,-0.7722,0.2172,80.31,1.36,0,7.53,1369055,1699125,4430700,37554
3443 創意,78531,-0.846,0.691,50.56,16.55,0.8532,35.11,4375186,7955177,12700980,942421
3450 聯鈞,8275,1.61,0.4427,23.37,2.09,2.4648,8.09,1920525,3405460,9277384,630092
3454 晶睿,6493,-0.1332,0.0543,38.86,2.3,2.6787,56.24,1019552,1996430,4871508,37388
3481 群創,206969,1.0309,1.0911,3.35,0.7,2.0237,1.82,25658441,163337950,461342205,54250679
3494 誠研,598,2.2587,0.12,0,1.18,0,17.58,21077,1181237,2247377,-217490
3501 維熹,5700,0,0.0406,16.23,0.97,5.1867,26.08,1865710,2340660,8212872,236788
3504 揚明光,13402,-2.0833,0.9013,0,4.25,0,38.79,1198094,2573319,5736022,8248
3515 華擎,34604,1.259,1.4049,16.51,4.49,2.7891,51.52,1744141,5045852,13078630,1758951
3518 柏騰,2019,-2.5341,0.634,625,1.44,0,10.44,609360,635693,2007716,2661
3528 安馳,3319,0.5005,0.2224,12.52,2.06,5.7337,60.28,494250,2749885,4350604,224637
3530 晶相光,10668,-0.7273,0.9993,14.13,4.05,2.0501,32.67,735280,1051310,3653377,612225
3532 台勝科,112476,-0.6849,0.3767,84.55,5.49,0.7414,74.63,7414301,2523294,23028476,1029179
3533 嘉澤,80649,1.1968,0.2255,25.88,5.14,1.7065,20.49,3296664,7816586,24659471,2467760
3535 晶彩科,1455,-0.5405,0.7995,0,1.57,0,17.92,877888,1292210,2216339,50368
3536 誠創,657,0,0.0384,0,9.92,0,24.86,88779,1204801,1343702,-88491
3543 州巧,2365,0.7605,0.1064,9.89,0.82,4.5283,16.78,2059395,2425757,5459009,-8754
3545 敦泰,37165,0.2924,1.15,6.94,3.05,1.8851,3.23,8028997,9273383,21468396,4683291
3550 聯穎,1666,-2.4876,4.9776,13.33,0.88,2.551,12.85,878367,2469840,4377207,82118
3557 嘉威,6159,-0.3896,0.0336,9.66,2.63,7.8226,45.71,305684,2405523,4749068,420458
3563 牧德,12479,8.7719,5.3255,15.64,4.5,2.8674,10.2,1678933,1322691,4201967,657720
3576 聯合再生,35570,-0.6818,0.3336,0,2.45,0,13.31,4614037,16892928,31069525,-780985
3583 辛耘,8763,9.9796,19.649,21.6,2.9,1.713,14.79,1951521,4406165,7392786,271595
3588 通嘉,7930,-0.9901,2.2226,33.33,5.2,0.3634,9.37,626110,477716,2001293,211707
3591 艾笛森,3026,-0.6316,0.6178,27.76,1.13,1.3537,22.32,1079457,1160402,3853603,93270
3593 力銘,1442,-0.3215,0.0871,23.13,2.36,0,43.29,25074,774328,1384749,-36842
3596 智易,27361,-1.1628,2.3397,14.46,2.29,4.9502,20.32,6932377,21260293,33212204,1132676
3605 宏致,6989,-1.8868,2.4279,12.47,1.33,1.2259,15.93,2009435,7456122,12266909,434324
3607 谷崧,2281,-0.5305,2.7437,0,0.95,0,12.65,703167,1626890,4039164,-290242
3617 碩天,5610,-1,0.0889,21.39,1.33,3.8961,20.99,1938709,6406563,10642740,164729
3622 洋華,4358,0,0.0535,19.46,0.89,3.4722,31.24,284226,811186,5777314,216938
3645 達邁,5664,1.8846,0.3742,16.76,1.99,3.4614,17.21,407316,2327292,5169534,242976
3653 健策,49882,2.1277,1.0592,48.69,7.48,1.4702,28.99,2602101,4728302,12312110,866479
3669 圓展,6151,0.9146,2.4796,7.52,2.15,7.5528,54.32,752205,1472214,4335631,540400
3679 新至陞,5734,3.5068,0.3303,9.04,1.37,10.9097,18.83,3248120,4534245,8748513,429743
3682 亞太電,35487,-0.7246,0.0643,0,1.16,0,42.27,1048806,15998720,46632802,-4107272
3686 達能,1799,-0.627,0.4264,0,2.59,0,3.4,166082,201010,894018,-39451
3694 海華,4084,-2.3381,0.8495,16.97,2.07,0,46.04,238884,4824695,6794865,184545
3701 大眾控,15134,-3.6896,1.5381,71.42,6.17,0,63.55,1235797,5145528,9146451,379027
3702 大聯大,88318,0.1905,0.2172,9.08,1.45,5.8935,7.27,10647106,230518576,299309728,8638770
3703 欣陸,20704,-0.5929,0.073,14.79,0.88,5.5666,43.29,4130765,42347096,69174339,1032663
3704 合勤控,15854,-2.2315,2.0439,11.45,1.72,1.4112,29.74,4507745,11063519,20048721,789892
3705 永信,11443,-0.1163,0.054,15.85,1.81,4.6566,18.04,1098696,5425977,11990539,541491
3706 神達,42471,0.7153,1.3029,3.41,0.85,2.8409,18.17,6633952,21552045,71074771,-3445193
3708 上緯投控,8743,0.1071,0.3219,44.74,1.64,3.7433,14.81,3662642,8786076,15153953,92612
3711 日月光投控,469221,0.4717,0.1729,10.68,1.95,3.9192,15.97,53418954,399419916,650259273,35297082
3712 永崴投控,8089,0.7669,0.2469,16.76,1.18,3.0441,29.65,4517756,13068557,23139308,240379
3714 富采,52559,-0.5188,0.244,0,1.01,0,4.37,11332333,24084175,78120375,1135692
4104 佳醫,8130,0,0.0864,14.08,1.08,6.0763,22.79,2802340,5040945,14529155,514062
4106 雃博,2967,1.3793,0.6342,27.22,1.43,1.8707,38.78,440053,1038199,3117805,95781
4108 懷特,4628,1.7467,0.2321,0,2.31,0,17.86,79824,91846,2505986,-58877
4119 旭富,8012,0,0.2034,0,2.39,0.496,32.59,427690,910069,4260204,77246
4133 亞諾法,2637,3.6905,3.8676,67,2.2,1.3777,14.09,282894,68191,1265789,29794
4142 國光生,19178,0.6764,0.352,19.41,3.26,1.1198,17.69,2243680,1943568,8125942,-264672
4155 訊映,2217,0.2146,0.0906,27.47,1.31,5.948,12.12,510814,1080319,2776580,38304
4164 承業醫,6270,0.2635,0.1086,20.24,1.03,5.0342,27.78,1127387,5674644,11557944,233850
4306 炎洲,9862,0,0.088,27.59,0.88,3.6045,21.21,1737653,19654925,30480759,1908958
4414 如興,5896,-1.3699,0.4572,0,0.63,0,27.74,601472,10746059,20678549,-533831
4426 利勤,4015,0.432,0.1743,0,1.42,0,24.04,891313,2179022,5006856,-272912
4438 廣越,13490,1.1628,0.0522,23.81,2,2.4521,42.06,1652386,7300025,15560257,582377
4440 宜新實業,3180,-0.1062,0.2234,11.65,2.47,0.6791,11.96,118748,802297,1945871,226124
4526 東台,4421,-0.2874,0.1087,0,0.88,0,16.3,1517249,10776254,16361354,119913
4532 瑞智,9644,-0.5208,0.0661,14.36,1.07,3.6649,36.98,2869145,17847743,28246146,476324
4536 拓凱,13623,1.6949,0.1178,18.03,2.54,3.3333,22.58,2156959,5345521,11018756,733909
4540 全球傳動,4704,-0.1,0.3292,20.14,1.48,1.6016,13.29,1202931,3747846,6924312,193063
4545 銘鈺,2256,-0.1704,0.0169,26.4,1.34,1.8771,70.11,739855,1286485,2964627,56152
4551 智伸科,21306,0.5556,0.0714,17.27,3,2.2099,33.6,2622408,5653393,12615261,929705
4555 氣立,3577,4.2969,0.1388,15.94,1.34,2.8042,30.23,469830,1845646,4604046,207422
4562 穎漢,1405,-2.1341,1.4575,0,1.27,0,24.6,228371,1864025,2722766,-95043
4564 元翎,7705,1.0791,0.3594,21.73,1.74,3.0842,18.47,845619,3709220,8124717,277032
4566 時碩工業,3638,5.1975,0.7413,20.24,1.48,2.3442,52.02,1090611,3336400,5784072,155023
4572 駐龍,3652,3.0303,0.1397,91.07,2.14,4.902,37.94,204733,239524,1943508,38019
4576 大銀微系統,13538,-0.4405,0.0818,48.92,3.7,0.2629,36.91,647922,2120143,5881647,243301
4720 德淵,1587,2.2082,2.3982,36,1.28,0,33.01,384709,1822836,3142814,20004
4722 國精化,4415,0,0.505,11.62,1.63,4.53,19.07,189147,1834204,4535850,272854
4737 華廣,4732,1.4726,0.1394,45.39,2.26,2.7126,40.38,296031,2532951,4559191,57835
4739 康普,15840,0.339,1.7855,34.74,3.65,0.7805,28.08,1343474,4376442,9097720,313770
4746 台耀,7275,-0.3295,0.622,5.63,0.97,0,14.18,846953,4381625,12171148,-224550
4755 三福化,17573,-1.9663,27.6428,37.69,4.52,0.4298,49.04,478581,1978630,5883526,347610
4764 雙鍵,4826,0,0.0198,43.97,2.16,0.4688,18.21,1161456,2473807,4712306,77982
4766 南寶,17121,1.0676,0.0581,15.81,1.22,4.9295,17.73,2760636,9034502,23976144,764937
4770 上品,22817,1.5734,2.6927,27.54,6.21,1.2966,26.09,1479677,2557846,5801221,688018
4904 遠傳,210499,0,0.0761,23.32,3.34,5.031,32.95,4784318,114077961,178008372,6015032
4906 正文,11879,1.4129,6.137,22.75,1.11,6.0218,4.35,1186648,9994993,20652175,382175
4915 致伸,25813,-0.5263,0.8812,11.89,1.89,5.2489,4.91,5175530,38202316,53933504,2309189
4916 事欣科,2704,-1.3699,1.076,124.62,2.18,1.5431,21.69,313250,1632432,2857127,96958
4919 新唐,59123,-0.7042,1.4543,30.06,4.05,0.5273,55.15,6369871,17376795,31649156,1718074
4930 燦星網,3465,-1.1494,0.315,7.57,0.96,13.5659,44.4,3837752,7220301,13270959,363244
4934 太極,8933,-0.2513,9.6689,0,4.65,0,28.9,912803,2524485,4475235,-455246
4938 和碩,184437,-0.2886,0.1542,10.57,1.16,6.4991,21.03,143517648,394748984,579423377,14082541
4942 嘉彰,7161,-0.5929,0.4952,7.77,0.93,4.9702,20.01,1348084,2906927,10610344,705345
4952 凌通,7367,-0.7331,0.3308,12.77,3.16,3.545,49.96,1125675,993264,3325932,492603
4956 光鋐,2631,-0.3802,0.9013,18.32,1.35,0,10.65,187867,1197084,3139833,114059
4960 誠美材,9424,0.722,3.0462,11.07,0.9,0,3.37,582211,5246530,15660049,744325
4961 天鈺,52606,1.2567,1.3037,10.73,3.63,0.7916,17.66,6691197,7741955,23584900,4884478
4967 十銓,4957,-1.0204,24.8875,37.02,1.9,1.7719,9.55,335780,1201454,3756943,74716
4968 立積,24152,-0.365,0.6059,27.89,9.78,1.0466,9.5,947794,1419075,3888218,537034
4976 佳凌,9545,0,0.4152,275.2,3.27,0,23.06,1639613,763661,3648780,25317
4989 榮科,6338,-0.5405,0.3448,16.37,3.12,1.4493,65.78,615560,944436,3201347,424297
4994 傳奇,7192,9.9831,3.2475,26.1,4.46,4.6154,61.3,1648501,763778,2374611,159376
4999 鑫禾,3059,-0.4843,0.1075,11.78,0.9,7.2993,19.41,1299173,863050,4269574,104269
5007 三星,16959,-1.5411,0.0112,17.32,2.63,3.4783,54.13,1694625,1984127,8637730,736941
5203 訊連,6867,-0.1122,0.0557,44.06,2.02,2.5986,20.12,1006580,1255447,4648087,161797
5222 全訊,14448,-1.3889,0.8197,52.59,12.71,0.4285,11.89,189937,262714,1273057,168042
5234 達興材料,15818,10,9.9293,23.95,5.46,3.2467,44.04,199110,1628304,4527893,513915
5258 虹堡,3447,-1.0283,1.6048,19.85,2.27,1.5584,31.24,706779,2676748,4254010,122251
5269 祥碩,125977,1.676,0.3785,39.17,8.32,1.3188,49.68,1919432,1664741,16803342,2482631
5283 禾聯碩,8614,0,0.0616,10.67,2.04,6.7797,24.66,1137872,2046600,6269189,662114
5285 界霖,11034,4.3478,5.8944,23.38,3.42,2.1345,20.92,907307,2525012,5493449,359972
5388 中磊,19106,7.6814,9.5776,24.03,2.45,3.4262,6.27,6231152,27289984,35043799,449943
5434 崇越,28709,0.9585,0.3154,12.99,2.68,5.0633,10.97,3709987,13065921,24017750,1658114
5469 瀚宇博,23991,0.3315,0.1873,6.32,0.9,4.8458,38.39,13349309,39068528,76807123,4416329
5471 松翰,15445,0,0.3794,10.74,3.84,6.1956,11.64,1280425,1321689,5348124,1182252
5484 慧友,844,-1.5576,0.0225,0,1.6,0,14.13,86263,288865,816114,-15503
5515 建國,3630,0.3559,0.12,7.79,0.78,5.6738,27.21,2666907,3429335,8112909,246070
5519 隆大,4735,0.232,0.3983,9.6,1.1,8.3333,15.04,554800,6861076,11145785,291650
5521 工信,4209,0.7067,0.2872,0,0.79,1.3822,4.41,1633751,2542131,7873541,79340
5522 遠雄,48303,-0.3226,0.023,10.05,1.17,5.2589,65.08,7551235,54124972,95445864,3107872
5525 順天,7488,0,0.0299,0,1.71,1.7668,19.17,90402,13888590,18193642,-104260
5531 鄉林,10753,-0.9009,0.0395,1100,1.01,0,36.17,1060207,22865597,34302698,-843275
5533 皇鼎,5448,-0.2611,0.0747,9.9,0.71,3.1414,34.49,682982,5979968,13661016,435713
5534 長虹,21194,1.108,0.0689,15.4,1.24,6.8493,24.06,893158,22385192,39589529,223857
5607 遠雄港,15524,0.5961,0.1974,26.79,2.68,1.7778,51.33,412725,9880773,17009961,496443
5608 四維航,14883,-0.4405,1.5203,10.2,2.73,0,10.31,2263722,17167964,21974626,1222851
5706 鳳凰,2866,-0.6977,0.1907,41.06,2.33,0.7026,25.8,155199,1171738,2424010,-13778
5876 上海商銀,211756,-0.6309,0.0526,15.05,1.36,3.5979,4.94,56306581,1943503775,2150675569,14350168
5880 合庫金,346143,-0.1961,0.0669,16.85,1.48,3.2744,27.7,65600759,4073698535,4314457486,16463901
6005 群益證,36797,0.2959,0.1755,7.03,0.98,6.4897,0,10181508,151045123,191354511,4018896
6024 群益期,8197,0,0.0361,15.33,1.33,7.3684,0,5096998,40058592,46240733,382747
6108 競國,3550,0.9091,0.3615,23.62,1.01,2.2522,13.47,1861555,5906441,9407422,166396
6112 聚碩,7487,-0.1256,0.06,12.91,1.79,6.2893,51.58,1220060,4495190,8853746,295942
6115 鎰勝,8051,-0.2326,0.0293,15.49,1.78,6.5268,12.81,2123464,3759948,8309872,353716
6116 彩晶,57507,1.6854,1.542,5.52,1.08,2.7624,21.87,5780263,11218961,61946793,6954942
6117 迎廣,1702,0,0.4591,0,1.53,0,39.28,426943,2533618,3649225,-47098
6120 達運,10649,9.9656,6.3533,0,1.17,0,28.93,5319350,10573426,19649977,-813126
6128 上福,3681,0.1736,0.0298,12.22,1.15,3.4662,34.64,585985,3383428,6575186,222912
6133 金橋,1305,-1.3274,1.3392,0,1.03,0,16.65,182346,814983,2086713,-60398
6136 富爾特,2270,0.7692,0.3869,32.21,0.82,5.5979,12.18,423686,119009,2903626,77456
6139 亞翔,7341,2.3585,2.4266,33.56,0.98,3.0722,26.41,3106905,17981016,29030617,49274
6141 柏承,3690,-0.625,0.5102,10,1.57,1.747,15.74,1023892,3060263,5855905,270739
6142 友勁,3771,0.4405,0.1046,0,1.69,0,44.6,721241,1992152,4219001,-523333
6152 百一,2063,-3.1496,1.7396,0,1.57,0,8.74,592208,2308303,3632845,-51652
6153 嘉聯益,14711,2.1236,0.7632,120.23,0.97,1.8904,27.64,4188937,13232296,28397969,-146404
6155 鈞寶,2147,0.4065,0.1231,34.79,1.55,3.0337,26.34,608976,1510879,2896400,48650
6164 華興,1760,2.029,31.129,55,1.59,0,11.73,253065,695682,1813534,20516
6165 浪凡,2018,0.2646,0.4207,8.86,2.79,0,1.61,502585,760550,1483509,76354
6166 凌華,14094,0.4651,0.555,158.05,3.28,1.5432,37.12,1094215,8394035,12692195,98883
6168 宏齊,5646,-0.7246,0.6935,15.48,1.74,2.5547,22.53,1324315,1060930,4451931,322375
6172 互億,603,0,0,50.75,1.02,0.995,30.54,0,0,0,0
6176 瑞儀,46968,0.4975,0.5314,8.57,1.59,7.9208,4.07,27336364,33077194,62593274,3999486
6177 達麗,11812,0,0.0776,16.64,1.9,0,6.5,736752,32227323,38587817,695101
6183 關貿,7665,0,0.0273,19.5,3.38,3.5421,47.4,596482,786262,3051945,313396
6184 大豐電,7065,0,0.0152,14.31,1.58,3.3595,12.79,2082299,3292378,7471568,361283
6189 豐藝,8070,-0.2384,0.2049,10.65,1.81,6.196,10.17,2094647,9487972,14236924,683464
6191 精成科,18308,-0.8986,0.6945,6.42,1.2,2.2615,41.8,4275064,17399484,32872560,2277594
6192 巨路,8056,0.5333,0.1647,9.79,1.48,4.5093,11.55,2028345,3305110,8766919,624486
6196 帆宣,34701,2.5352,24.4088,27.08,5.19,1.8883,58.08,2804010,18007447,24640972,868735
6197 佳必琪,5048,-1.5476,0.7888,16.41,1.79,3.5067,26.41,1156410,1396462,4299492,260476
6201 亞弘電,3969,0.1125,0.0179,11.99,1.61,6.7416,33.79,702687,960019,3428766,244571
6202 盛群,25444,2.2727,1.8482,13.14,4.96,4.0533,9.62,1018432,2464194,7638714,1593575
6205 詮欣,5764,-0.894,5.2735,43.35,3.01,1.8744,11.03,877039,917784,2800071,98441
6206 飛捷,11316,-0.6281,0.1587,20.82,2.7,5.0569,19.65,1813457,1585932,6079770,442115
6209 今國光,6374,0.5495,0.8217,0,2.02,0,16.72,578023,1665348,4825890,-164716
6213 聯茂,54380,1.7921,2.6575,17.47,2.67,3.0614,20,4035187,15680793,36035255,2330947
6214 精誠,22845,0.1181,0.0479,14.9,1.57,5.8962,9.38,3834287,12779977,26500446,813040
6215 和椿,2509,1.6779,0.825,10.1,1.81,1.6502,23.6,274088,757510,2149933,128790
6216 居易,2443,-0.1795,0.1559,18.17,1.62,5.3125,20.01,560910,193934,1706363,98345
6224 聚鼎,10706,0,0.3993,19.29,3.9,3.3625,24.27,1363123,2155098,5449286,391617
6225 天瀚,310,0,0,0,27.27,0,25.38,6720,10916,22435,-4769
6226 光鼎,1915,-2.0772,5.0674,137.5,1.59,0,12.3,381263,1459148,2734664,11029
6230 尼得科超眾,14333,-0.5988,0.0116,26.39,3.12,0.8193,81.22,2023202,5525222,10114770,313471
6235 華孚,6675,9.915,35.2953,44.6,2.83,1.5239,36.46,812903,2492459,4844888,75597
6239 力成,76123,-1.4127,0.9241,9.32,1.56,5.1177,5.95,21107195,52218234,113435531,8434235
6243 迅杰,2615,-5.7508,5.8728,137.21,4.41,0,7.21,139999,409243,894843,45319
6251 定穎,6286,-0.8753,0.9217,19.7,1.18,1.766,9.46,1833524,10939964,16265173,316836
6257 矽格,26621,-0.339,0.4678,10.24,1.84,4.8018,6.48,7113001,18667216,35343540,2098963
6269 台郡,36714,0.4808,0.5604,12.09,1.51,5.0339,7.33,6526307,21254182,45523265,1536588
6271 同欣電,53172,-0.8333,1.6847,21.07,2.39,1.8487,12.32,4046436,4201965,26451461,1994691
6277 宏正,9761,-0.3659,0.0469,17.16,2.17,10.2968,15.72,877068,2637127,7201547,427145
6278 台表科,36111,1.2295,2.776,11.51,2.47,2.6721,8.66,7164647,38089055,52725163,2422840
6281 全國電,8152,0,0.0272,14.63,3.15,6.0827,26.6,480772,5845835,8431969,466927
6282 康舒,18908,-0.1364,1.984,48.8,1.93,3.2787,23.48,5511833,18641747,29027181,437674
6283 淳安,6597,-0.4464,0.3502,0,3.88,0,43.48,661972,1238315,3297668,-236685
6285 啟,30932,0.9056,0.8697,25,1.87,3.2136,25.92,2846276,25419030,41998280,899693
6288 聯嘉,5388,-1.4286,0.4175,125.45,2.03,2.5362,25.04,1484943,3763264,6156655,13128
6289 華上,261,-0.7968,0.1537,0,124.5,0,7.65,8969,203577,206150,-49366
6405 悅城,1859,1.0733,0.1033,40.94,0.65,2.1239,15.7,2174902,401998,3253755,-1350
6409 旭隼,135063,-1.9048,0.0812,61.87,26.96,1.5213,19.66,4130228,7647323,12657420,1728065
6412 群電,30627,0.1282,0.038,11.6,2.99,5.0773,59.54,1148646,18687600,28942668,2118467
6414 樺漢,24079,3.5011,1.7945,18.78,2.45,2.0103,34.08,13234344,65543362,94583919,1964716
6416 瑞祺電通,7253,0.101,0.1599,30.31,2.42,3.677,28.64,926680,1746797,4905162,167461
6426 統新,3004,1.4304,0.9219,173.33,2.34,3.2044,31.35,483199,199759,1485387,5018
6438 迅得,8437,2.2124,10.3723,13.14,2.62,3.0885,16.04,1844877,2759725,5799733,464472
6442 光聖,2491,-0.1389,0.0606,43.31,1.4,2.7816,13.3,549103,1269339,2968337,71459
6443 元晶,18946,0.2358,5.7946,0,4.16,0,7.98,869731,4686998,9306240,-203206
6449 鈺邦,5399,0.4967,0.326,18.34,2.22,3.1301,22.59,839024,2037360,4466813,230091
6464 台數科,11871,-0.1096,0.079,11.61,1.54,2.7836,24.93,2505718,12269728,20193392,792738
6477 安集,5670,-0.3021,2.2377,41.95,2.11,2.2929,18.69,663339,3698807,6393649,99904
6491 晶碩,29890,3.6408,1.5686,25.71,5.84,1.171,42.96,1635906,3162077,8303505,894630
6504 南六,8204,-0.4405,0.0634,14.04,2.34,10.6195,22.6,1994442,7051998,10561598,158624
6505 台塑化,913540,-0.6218,0.0149,17.56,2.63,0.6152,75.82,53604080,90302167,442300752,41819280
6515 穎崴,14703,2.3613,2.4884,39.84,5.46,2.9919,24.39,910495,792864,3482595,249838
6531 愛普*,74195,-0.3992,1.0768,35.93,17.44,0.5009,18.63,2446151,1370823,5609237,1389875
6533 晶心科,27149,-1.4706,1.2478,107.85,5.73,0.1165,23.31,4033806,221876,4963620,131663
6552 易華電,4690,0.713,0.3602,15.83,1.81,2.6549,55.99,569717,2123810,4718953,284372
6558 興能高,3101,-1.3453,0.2182,50,2.06,0.8404,24.55,844547,1231525,2617797,25053
6579 研揚,10314,0.8721,0.0384,38.99,1.37,4.3193,75.14,1956573,1737572,9767121,267580
6581 鋼聯,9013,0,0.0288,16.56,2.55,3.7037,70.23,243119,419631,3951261,309787
6582 申豐,17527,0.6098,0.1017,4.33,2.48,6.0606,51.64,488885,1416874,8482439,3213118
6592 和潤企業,47483,-0.2165,0.0579,16.09,2.18,3.7961,68.39,706791,164649636,188857532,2464152
6605 帝寶,10413,-1.1024,0.1646,10.1,0.75,2.2293,22.03,2338846,16621088,30895080,794926
6625 必應,1498,-0.1499,0.1601,0,2.74,0,17.47,235766,250687,792349,-121711
6655 科定,5926,2.1684,0.0446,12.14,2.62,14.9787,39.33,160293,3024237,5163111,289818
6668 中揚光,4361,-0.1792,0.2848,0,1.97,1.802,44.69,1161368,2018239,4296586,-144628
6669 緯穎,194947,0.4505,0.1247,22.24,7.87,2.8699,48.08,16967560,50140194,74926471,6011742
6670 復盛應用,25420,-0.2571,0.0191,11.25,3.54,3.4021,8.19,1453614,7113947,15008998,1861521
6674 鋐寶科技,2096,-0.4769,0.0463,46.03,1.29,3.1949,72.5,1160670,1422373,3043407,9814
6698 旭暉應材,3904,-0.1698,14.9285,110.94,3.2,0.8503,40.22,483365,722489,2387062,38082
6706 惠特,15971,2.5761,3.2047,19.04,4.46,1.8077,11.62,1870070,4339623,7885665,667325
6715 嘉基,7011,0,0.0912,35.04,4.27,2.0325,55.54,533643,1254783,3031505,136314
6743 安普新,10740,-0.2786,0.0887,91.79,3.62,1.8622,25.97,437836,6095548,9069010,9548
6754 匯僑設計,2699,0.1224,0.0667,15.43,1.45,6.846,62.8,1026860,2146210,4011380,109103
6756 威鋒電子,33876,-1.1834,1.8531,47.18,11.49,0.8967,62.9,1779722,765422,3708560,623505
6770 力積電,251706,-0.5587,0.3456,33.43,4.65,1.2117,27.5,26980089,54305971,106463279,9915982
6776 展眥篕,3557,0.3452,0.1655,12.86,2.02,4.5871,60.41,704497,4731044,6653375,224459
6790 永豐實,13410,-0.5941,0.1692,8.81,2.66,7.3052,59.39,2319785,3297837,8391757,834450
6792 詠業,9647,-1.2255,1.105,38.31,7.97,1.5882,54.35,470214,673085,1779586,221111
6806 森崴能源,15749,1.8957,0.3857,26.61,3.48,0.8255,61.27,470717,4318961,8626948,309130
8011 台通,2949,-0.9975,0.5405,0,1.02,0,20.98,404816,2947929,6600761,-148541
8016 矽創,38444,0.1565,1.3326,8.13,3.86,2.3437,7.53,7951964,6968459,19949309,4987785
8021 尖點,6007,0,1.1099,13.41,1.34,3.7396,11.4,2545833,2190461,7239469,376529
8028 昇陽半導體,8183,0.8651,26.3915,50.7,3.49,0.9709,17.65,734844,3256113,5614498,110257
8033 雷虎,2281,-0.578,0.3619,63.7,2.72,0,5.14,312789,474685,1450825,33643
8039 台虹,9933,-0.1052,0.142,12.03,1.33,5.2631,11.03,1620503,5223093,12835621,626620
8046 南電,369607,0.5272,0.2766,44.27,9.98,0.5944,66.97,10986375,14714245,51739386,7058535
8070 長華*,26818,2.2339,5.8768,18.01,3.18,2.6187,35.6,4339523,16043185,27356295,1734084
8072 陞泰,2172,-0.367,0.0938,108.6,0.99,0.7366,39.57,648405,264167,2539243,35937
8081 致新,22879,2.7079,1.6154,12.13,4.16,3.5782,11.05,3347447,3345560,9552049,1687295
8101 華冠,620,2.0548,0.1221,0,74.5,0,38.57,50299,1460789,1471520,-386757
8103 瀚荃,4058,-2.4668,5.521,13.28,1.49,2.7237,14.3,1017551,2303598,5034282,267021
8104 錸寶,5135,0.1326,6.8726,23.16,2.6,3.9666,37.4,805808,1780134,3779430,159696
8105 凌巨,6160,0,0.4262,0,0.88,0,53.12,2395113,5224005,12219914,34638
8110 華東,9834,-0.5277,1.257,78.54,0.9,1.061,32.84,2486694,10218082,21094250,-29934
8112 至上,21639,1.6097,3.8523,7.97,2.05,5.2474,6.31,2209444,42648122,54037099,2361592
8114 振樺電,9253,1.6461,0.4324,28.2,3.46,1.2146,10.1,1766753,9855152,14145804,360913
8131 福懋科,17291,0,0.0167,11.92,1.45,5.8823,63.84,2980787,1820302,13706136,1123679
8150 南茂,35344,0,0.5558,8.17,1.55,4.5267,23.59,5188760,16491687,39333845,3625656
8163 達方,14196,-0.5882,1.3907,13.03,1.54,4.931,23.86,2510721,18792322,30490085,911257
8201 無敵,1095,-0.5666,4.6836,8.4,1.55,0,40.96,446812,206616,911570,-100211
8210 勤誠,9421,0.1284,0.1888,10.88,2.38,5.1334,33.95,1104400,6356754,10341227,518869
8213 志超,13169,0.3099,0.5294,8.02,1,7.209,6.34,7763068,18021456,31394714,1294789
8215 明基材,12170,-0.1316,1.3297,13.85,2.55,1.8445,41.26,145635,6825607,11607442,770349
8222 寶一,1015,-1.0033,0.1765,0,1.31,0,25.81,288263,526687,1298626,-81149
8249 菱光,3749,-0.789,0.1248,14.05,0.86,4.4061,25.77,1050179,2908430,6419350,155838
8261 富鼎,9273,4.1096,6.9314,17.84,4.65,0.8772,11.96,689079,1418202,3413471,447039
8271 宇瞻,4954,0.9336,2.6065,10.76,1.64,4.1521,18.54,569182,1577324,4593321,406705
8341 日友,22244,0,0.0359,23.2,7.71,4.1103,39.82,859277,6384112,9334567,664974
8367 建新國際,4373,-1.1009,0.2021,7.5,1.72,2.7829,46.71,531607,5742341,8867085,284409
8374 羅昇,3485,0.3231,0.1639,23.35,1.73,1.9324,44.43,513982,958118,2978475,122904
8422 可寧衛,25425,-1.0593,0.4904,20.48,4.58,4.2827,22.69,1248764,1580753,7443655,931578
8443 阿瘦,802,0.4184,0.1332,0,0.76,1.25,13.2,141526,974122,2035635,-208864
8454 富邦媒,295874,-2.4024,0.1252,99.45,37.59,0.4734,65.87,6916329,12414914,20298558,2262347
8462 柏文,10497,-1.8116,0.08,0,6.81,3.4168,37.31,674591,6352720,7900240,-258237
8463 潤泰材,4568,-0.1639,0.026,0,2.01,2.5287,58.38,591396,3243313,5764183,63681
8464 億豐,120871,0.243,0.2321,23.34,7.52,2.4242,37.88,10332856,12489684,28903324,4074720
8473 山林水,4796,0.3017,0.0374,43.18,0.78,2.8108,67.26,2852906,9077464,16376631,268301
8478 東哥遊艇,13422,-2.5806,0.9203,17.58,4.78,0.6925,57.89,1078552,4192098,6973576,591459
8481 政伸,4955,1.2245,0.027,10.75,2.87,9.4085,24.92,903359,434214,2161702,246730
8926 台汽電,22325,0,0.0486,26.32,1.92,5.0132,34.12,2315927,11674393,23437996,694384
8940 新天地,888,-0.3788,0.043,0,1.64,0,26.09,140417,981045,1602150,-146427
8996 高力,5756,1.7378,0.8044,43.22,3.12,2.6397,5.08,547432,1675940,3519219,118006
9902 台火,1309,-0.7435,0.2285,11.51,1,2.2472,20.92,380639,80169,1390382,-15120
9904 寶成,97686,-0.3008,0.1052,7.3,0.75,1.5083,8.69,33746063,159524867,357612420,14029658
9905 大華,8052,0,0.0315,13.61,1.1,5.6818,21.01,465846,3488114,11094764,509228
9906 欣巴巴,5267,0.6369,0.0876,31.13,5.73,0,50.07,279199,10824086,11743423,207508
9907 統一實,22977,0.692,0.2721,16.17,1.2,3.6426,53.68,3132999,18220608,38568172,1314462
9908 大台北,17143,-0.1504,0.0161,20.75,1.4,3.3133,18.27,3502135,5183025,18266362,648260
9910 豐泰,204109,-0.8565,0.0449,49.36,12.29,1.5983,27.53,3809904,22729136,41041009,3286927
9911 櫻花,15257,0.5831,0.0565,14.14,2.99,4.6377,8.86,1473847,2366181,7484940,718434
9912 偉聯,563,0,0.692,0,1.29,0,24.06,90072,353264,766683,3748
9914 美利達,97917,0,0.1973,22.57,5.89,2.1374,28.31,4361678,16399648,33834700,3390797
9917 中保科,46924,-0.9524,0.0248,18.02,4.23,4.8077,31.72,4529076,11528697,22748526,1858207
9918 欣天然,7727,-0.6961,0.0083,22.77,2.53,3.7383,40.82,601549,2442129,5456720,183773
9919 康那香,5109,1.3566,1.1061,17.32,1.95,11.4722,27.34,1266111,4134494,6753844,101544
9921 巨大,129397,-1.1461,0.2557,21.05,4.89,2.3188,13.38,10505986,43773007,72333446,5232400
9924 福興,7821,0,0.0451,11.56,1.33,6.2651,11.93,1883692,2867228,8798656,554163
9925 新保,15248,0,0.0183,16,1.48,5.0826,20.29,3726449,6311188,17526015,837069
9926 新海,8850,0,0.0011,20.54,2.54,3.6511,38.05,547687,3777536,7255603,364297
9927 泰銘,6392,-0.3911,0.1219,8.62,1.22,3.2722,36.35,1305082,1546563,6810854,598510
9928 中視,981,1.7188,0.0849,0,2.58,0,51.34,143377,3227979,3607138,-49677
9929 秋雨,961,1.3889,0.0336,0,0.96,4.215,28.29,194150,996016,2089928,9837
9930 中聯資源,11271,0,0.0278,15.53,2.01,4.4101,68.65,284938,7605641,13429225,531611
9931 欣高,4423,0.2503,0.0009,21.89,1.91,3.2459,47.38,148546,2717465,5069542,165117
9933 中鼎,28416,-0.1342,0.0906,22.01,1.8,5.3728,9.7,14900357,61021382,80306539,775130
9934 成霖,5408,0.3322,0.0586,17.98,1.03,3.3112,12.21,2387842,10923606,16168133,62278
9935 慶豐富,3367,0.7614,0.112,20.05,1.66,4.4332,12.75,461286,4061326,6095237,68689
9937 全國,15143,0,0.0935,18.56,2.95,4.6939,27.9,880574,7280089,12434129,588733
9938 百和,24344,0.492,0.1765,12.01,2.34,3.672,13.06,5161635,16248588,29618420,2141139
9939 宏全,20605,0.5618,0.1866,10.8,1.58,5.0279,8.52,4588717,19052743,32821347,1814701
9940 信義,25826,-0.5674,0.0631,11.27,2.22,4.8502,61.5,8826406,21724018,33478908,1687297
9941 裕融,66876,0.2865,0.1047,18.54,3.99,2.3354,45.78,6727218,196786253,220728162,3883351
9942 茂順,8158,1.2384,0.9981,15.02,2.65,4.2813,23.74,375526,1556324,4652136,434658
9943 好樂迪,8898,-0.1653,0.04,241.6,2.68,6.6225,38.26,955362,2233886,5567591,-137560
9944 新麗,2624,0.2083,0.1732,72.88,0.93,1.6632,26.7,1313510,2490189,5363867,38580
9945 潤泰新,134416,0.4724,0.1592,9,1.26,1.1196,27.92,9362951,72306930,184284827,15556587
9946 三發地產,4931,0,0.0297,35.95,0.73,1.8921,14.84,2043947,8677534,15128302,150615
9955 佳龍,1780,0.2907,0.063,0,1.17,0,39.07,75360,1401681,2923651,-59297
9958 世紀鋼,25596,-0.4505,0.3505,18.33,3.48,2.6998,20.13,1451800,15260165,25597331,1146671
