公司,市值,資產總額,負債總額,稅後淨利率,  保留盈餘,外資合計(比率),全體董事、監察人、經理人及持股10%以上股東(比率)
1101 台泥,294011232,441684559,216029886,16.46,73939852,22.9,8.6
1102 亞泥,157068840,317056069,136783183,16.27,114999751,15.82,28.9
1103 嘉泥,16076685,40247651,14337418,11.94,11237099,6.14,17.14
1104 環泥,14117954,25096822,5712346,21.23,11884891,12.1,31.97
1108 幸福,4816382,8041710,3396136,10.79,598884,1.88,20.46
1109 信大,7112706,11702345,1849173,19.89,4589070,4.57,38.67
1110 東泥,11583000,10958500,2247791,3.61,2176233,7.55,34.71
1201 味全,11259880,17959094,10907041,2.44,2232784,10.86,14.56
1203 味王,7812000,9582739,3331319,9.63,2664448,1.96,28.63
1210 大成,45505291,56732130,28992521,2.28,6952880,14.01,13
1213 大飲,476757,1122852,681137,-18.03,-146298,0.08,52.39
1215 卜蜂,21599994,23177472,14584465,3.94,4377398,42.16,10.06
1216 統一,389786229,514039630,333045885,4.54,67026848,45.95,10.12
1217 愛之味,5365466,13836774,6439405,-7.36,1010282,9.13,8.86
1218 泰山,13649973,10638276,3647149,5.9,1302687,2.24,30.25
1219 福壽,6536864,9150195,4676018,1.38,1191180,4.87,19.93
1220 台榮,2780109,3291690,698080,3.97,566749,7.41,22.1
1225 福懋油,11525648,9109168,5236724,3.39,1235500,0.89,15.12
1227 佳格,48408208,28289140,9811923,5,8953485,7.89,19.53
1229 聯華,87257211,71670249,15247193,14.78,13363288,11.82,24.83
1231 聯華食,13982107,9208709,4640541,10.51,2447594,1.73,37.8
1232 大統益,25355879,7003498,2045845,6.11,3240664,1.46,67.51
1233 天仁,3138978,2309476,849215,4.55,453983,5.32,14.18
1234 黑松,14346795,22788396,4644484,10.7,13872157,5.44,15.29
1235 興泰,4562149,4677445,1062651,-117.48,979697,0.19,49.91
1236 宏亞,3472361,3456496,1328005,-0.29,444327,0.16,29.96
1301 台塑,662036960,543678922,140488648,22.65,246258845,35.91,14.93
1303 南亞,677292113,668695386,239954616,17.27,273458343,30.8,29.3
1304 台聚,37505473,84825213,29180252,14,13599427,42.69,24.42
1305 華夏,20162435,16975315,5140046,12.32,5260198,24.12,24.97
1307 三芳,8294505,14740117,7089057,0.95,4179012,11.15,9.48
1308 亞聚,21760681,18978546,3516497,32.33,7610746,11.06,39.86
1309 台達化,13082496,10744659,3082846,8.48,3524977,12.31,41.19
1310 台苯,9184921,9299190,1928064,-8.21,1779957,10.26,4.55
1312 國喬,26019994,48909720,9679180,15.15,26282842,33.59,5.26
1313 聯成,29113711,53771844,23875107,-4,7837286,13.74,33.06
1314 中石化,49770778,135455208,54926789,2.4,42729935,12.72,2.46
1315 達新,8532424,12754724,1184442,1.44,7538998,1.75,27.69
1316 上曜,4953209,10599150,5201062,-31.31,-187352,1.53,25.69
1319 東陽,19577889,34453458,12185605,3.54,12045829,17.09,26.72
1321 大洋,7964341,12980183,6353586,-0.93,3603417,2.64,6.23
1323 永裕,3190026,5728613,3001749,8.58,1493179,3.18,12.28
1324 地球,878916,1245313,296273,2.58,221278,0.54,24.03
1325 恒大,3880286,3217382,168736,5.37,2083590,4.67,34.02
1326 台化,473583829,598345271,154364317,4.68,208492621,35.46,24.31
1339 昭輝,2565175,5051865,1501607,11.75,1629232,1.05,48.49
1342 八貫,4613460,2402395,846852,12.68,459724,0.2,32.03
1402 遠東新,156839238,635327585,365912667,3.45,153067440,17.51,27.72
1409 新纖,32691862,196031587,149713699,9.92,13862667,13.08,6.73
1410 南染,2305800,1422922,242323,18.63,477633,20.98,17.35
1413 宏洲,1426810,2833785,1686988,5.38,-172846,0.39,35.34
1414 東和,4279000,4601845,1388153,15.79,1114535,0.91,28.82
1416 廣豐,2112899,3875923,396364,-4.98,1421673,9.75,8.21
1417 嘉裕,2801630,3984631,1299474,-13.26,469091,2.59,23.61
1418 東華,662116,3555900,2348255,1529.47,-844123,0.59,46.84
1419 新紡,12826753,16135125,6124007,5.59,2563285,2.3,6.57
1423 利華,2761080,3423248,309946,31.88,770236,2.23,35.16
1432 大魯閣,1057500,4892868,4125199,-7.42,-240080,0.36,49.8
1434 福懋,49107956,81342188,19098329,4.23,19336630,9.93,38.57
1435 中福,4144477,1421818,169662,1750.93,-148832,0.26,32.83
1436 華友聯,5189562,13691109,10670421,-18.68,1722399,0.33,25.82
1437 勤益控,5257140,11947292,5154903,61.31,4163639,5.36,24.82
1438 三地開發,2157512,5243213,4132828,179.02,76010,0.25,29.11
1439 中和,2157400,2891266,624371,298.56,1319103,0.83,61.41
1440 南紡,42331623,50196558,22221227,6.93,11296934,6.43,22.75
1441 大東,953568,2374065,1553560,-22.16,-212993,1.5,27.38
1442 名軒,8422853,14090974,8244477,-1.98,1184911,2.76,4.44
1443 立益,2280530,6397558,5218392,56.24,-614008,0.17,18.03
1444 力麗,10817513,20704529,8760574,15.17,942655,7.71,19.54
1445 大宇,2031856,2010401,364003,-0.62,175837,1.65,29.59
1446 宏和,4737190,4339468,2806249,-6.49,88807,1.07,10.63
1447 力鵬,9419216,19756797,9153275,0,712701,8.05,22.06
1449 佳和,1751103,6356309,4890178,3.25,-364990,0.58,16.98
1451 年興,4167900,9050041,1624448,3.63,5183679,7.43,33.33
1452 宏益,3209912,3195884,370066,10.1,1218062,3.91,11.42
1453 大將,895465,1893590,494301,371.03,377194,0.22,48.32
1454 台富,1941003,2053953,438710,-0.55,308974,0.47,31.52
1455 集盛,8746268,10776815,3466505,2.51,1534694,3.52,21.89
1456 怡華,2052468,7125566,5382889,48.4,787100,0.38,79.82
1457 宜進,5897199,18519803,10625619,0.9,1300929,5.56,29.52
1459 聯發,4608370,6500355,3046765,9.13,398883,1.76,14.96
1460 宏遠,6689412,14607752,7790899,2.45,440454,3.97,29.29
1463 強盛,2460406,2741683,459464,36.32,322571,2.76,28.41
1464 得力,6037671,19131909,13732986,1.19,696207,1.38,9.42
1465 偉全,1305448,1825244,207444,-5.05,295985,0.56,16.74
1466 聚隆,1695144,3684929,1928701,4.1,200346,1.57,18.14
1467 南緯,3317461,8618265,5511496,1.66,281648,19.07,54.73
1468 昶和,2109326,3432779,2222958,-0.61,-565592,1.84,37.11
1470 大統新創,1522364,1254881,248931,7.69,144847,0.2,32.03
1471 首利,1340189,1188370,162066,52.17,-552318,1.65,12.75
1472 三洋實業,812110,1843953,1634354,-13.44,-30657,0.12,58.49
1473 台南,2663469,5213244,2159490,-1.73,971561,9.33,21.34
1474 弘裕,2013388,4262799,2174912,1.9,823507,2.81,14.42
1475 業旺,1316410,889252,187397,18.69,-315569,0.17,85.69
1476 儒鴻,173125577,29278767,8129336,13.23,15065660,40.12,25.65
1477 聚陽,59738432,22222828,8427386,8.75,5459349,27.48,11.3
1503 士電,28080391,45195290,18157577,5.04,17581729,31.98,28.05
1504 東元,67692893,136612450,40950519,7.1,30727392,24.98,24.71
1506 正道,2597835,2432163,1346577,19.72,-750756,0.47,5.02
1512 瑞利,1015781,1755972,1680566,-20.6,-2340595,7.47,22.04
1513 中興電,21545064,34264946,22619580,11.57,4933055,8.1,9.92
1514 亞力,5936476,8192043,4583475,4.51,1091922,7.17,15.19
1515 力山,10253225,12521433,8271030,4.79,2572950,11.73,14.39
1516 川飛,840358,513558,57616,8.71,84937,1.37,27.66
1517 利奇,6208231,5679622,1876428,10.02,1452761,4.97,10.45
1519 華城,9750516,9922390,6402653,5.48,902524,6.56,20.56
1521 大億,3068258,3394463,1659958,1.26,950192,33.47,59.83
1522 堤維西,6070202,24054607,15863662,3.03,2232867,6.21,41.31
1524 耿鼎,1876269,5403257,3155843,3.01,532558,0.62,26.39
1525 江申,4514100,5323884,884963,35.94,4100675,1.02,77.84
1526 日馳,2934000,2829038,1540398,12.04,658425,4.97,29.28
1527 鑽全,6055509,5131540,868645,10.16,2850347,8.34,15.73
1528 恩德,2382005,5101589,2810747,-0.72,216565,0.87,30.47
1529 樂士,3242813,2547046,900365,34.42,149593,0.27,28.36
1530 亞崴,3206921,6207280,3050793,3.45,1978858,0.63,57.39
1531 高林股,2928548,4883023,1235532,3.48,1837926,4.53,35.55
1532 勤美,12430832,49972033,33224380,13.96,7472339,13.44,19.55
1533 車王電,5774854,7716585,4831084,-1.44,1463381,5.77,33.03
1535 中宇,4943493,6863041,3633073,4.11,1420807,1.03,60.42
1536 和大,25519902,21103619,12359491,0.95,2054480,12.79,12.63
1537 廣隆,11366141,5254878,1468013,10.07,2459385,20.7,18.51
1538 正峰,278626,312246,278465,-122,-164738,0.07,29.92
1539 巨庭,1431603,3934638,2592279,1.73,686931,0.4,34.19
1540 喬福,1290642,1520339,229107,-9.23,256602,1.29,20.8
1541 錩泰,3455380,5195985,3427656,5.33,1013653,9.98,38.66
1558 伸興,8838110,7966074,2990046,-1.79,3239338,11,12.92
1560 中砂,17261618,10161515,5110901,15.4,2149289,13.14,15.28
1568 倉佑,2468910,3214552,1725715,5.81,363274,1.33,40.76
1582 信錦,8685425,11792293,5815021,0.82,2337701,17.55,12.61
1583 程泰,7021440,13088087,6514883,5.77,3339454,0.23,42.2
1587 吉茂,1794518,3026406,1740018,2.78,313383,24.22,31.72
1597 直得,7209406,3797199,1511244,13.44,1110588,3.07,14.74
1598 岱宇,7250590,12176627,7807188,1.02,1137394,9.8,10.55
1603 華電,5137238,8743442,2908581,7.81,5530079,1.41,25.12
1604 聲寶,11577280,13033851,4371938,3.82,5279272,12.32,5.93
1605 華新,90930298,183034898,75088630,10.97,47787207,23.2,13.49
1608 華榮,14047561,13666035,4661029,11.4,2354052,3.87,33.59
1609 大亞,16115080,34316540,22793189,9.25,2361145,10.06,7.32
1611 中電,7116307,5694130,1289987,52.16,1201868,10.32,8.52
1612 宏泰,8502552,8740782,923419,147.88,4461394,15.56,13.82
1614 三洋電,9714979,6901569,1379422,6.36,2618011,2.32,34.73
1615 大山,4451360,3547914,1083331,11.89,1147934,1.07,39.27
1616 億泰,2358898,3126997,1534448,2.86,-164798,0.68,18.18
1617 榮星,2581771,3615245,1677419,2.77,526095,21.38,49.78
1618 合機,2794020,4583435,342567,8.66,1785678,3.44,35.38
1701 中化,6751535,12786876,4998406,7.63,3617351,9.5,13.36
1702 南僑,14765426,29413868,17578210,6.64,4204640,15.87,17.63
1707 葡萄王,23701920,14060879,3631464,22.14,4729434,10.66,12.49
1708 東鹼,8478484,12126036,6092929,21.63,3925484,7.28,19.94
1709 和益,11019070,11587688,3690123,4.66,2454446,4.55,18.56
1710 東聯,19839747,33776171,17855569,-0.15,4320179,9.11,10.53
1711 永光,14926242,14136270,5029996,3.34,2248765,8.31,19.32
1712 興農,11878899,16012080,8505995,4.24,3086965,10.76,13.14
1713 國化,3766227,2582254,157089,22.13,864094,4.08,39.36
1714 和桐,11337588,24009123,7382016,2.41,2727890,21.63,10.52
1717 長興,50231300,60535689,35868832,4.65,12649186,15.7,18.06
1718 中纖,17115021,801138255,729362227,10.81,5137520,11.89,21.24
1720 生達,7701798,10104021,3304407,17.17,2460931,2.39,49.02
1721 三晃,5320209,4091352,1759763,4.65,441577,2.99,15.07
1722 台肥,68600000,79343199,26715339,14.73,38367298,10.17,24.08
1723 中碳,28546932,11732869,4114962,11.8,4037644,7.54,34.02
1725 元禎,6236735,7032885,2698043,2.72,1005038,0.32,48.76
1726 永記,11971800,11237793,2020352,7.14,7787843,14.58,45.43
1727 中華化,5499100,2592677,1114272,10.82,397886,1.13,28.86
1730 花仙子,4015296,2657969,851927,6.72,911089,11.45,22.96
1731 美吾華,2598488,2692439,686538,5.93,548153,3.42,32.12
1732 毛寶,1460039,669827,183981,2.05,68151,0.44,27.92
1733 五鼎,2598700,2670467,916911,14.53,682344,2.14,10.16
1734 杏輝,4847166,6220931,3143748,-6.72,210681,1.97,17.55
1735 日勝化,1843647,3716818,2284600,-0.02,364634,50.31,65.02
1736 喬山,17093581,35262576,25881392,5.12,7399573,9.05,67.58
1737 臺鹽,6640000,8467640,1954263,7.93,1861645,9.63,42.16
1752 南光,3888038,3428891,1188684,11.49,748023,1.34,38.29
1760 寶齡富錦,6447573,2953095,1020081,-1.08,209239,0.69,22.28
1762 中化生,5033644,4380761,1486487,17.98,1744399,2.92,25.04
1773 勝一,35100000,10939413,4155952,13.18,4756748,2.67,52.46
1776 展宇,1512203,1832526,663692,-2.57,431674,0.16,9.36
1783 和康生,3996248,1265184,123466,9.75,110295,7.5,32.79
1786 科妍,3283024,2261942,812061,18.09,150716,0.39,17.18
1789 神隆,19491716,11691176,1180122,7.47,1370098,3.7,64.45
1795 美時,25622610,21221950,10153240,8.98,1700635,70.99,61.61
1802 台玻,77790605,99455329,41680834,24.26,26559872,8.95,43.36
1805 寶徠,1473896,1459103,862777,-6.23,-411898,0.69,13.15
1806 冠軍,5465653,9521433,3023217,4.82,1626061,10.79,15.47
1808 潤隆,21727658,39325011,32650000,19.28,2575943,4.94,9.55
1809 中釉,2739472,4383865,1005476,2.16,1253650,5.15,14.95
1810 和成,6527905,11470876,4111581,7.04,2881696,4.43,8.7
1817 凱撒衛,2678940,2728848,926580,9.37,1028414,1.4,20.98
1903 士紙,16876531,12434471,3977354,-60.32,-160590,14.57,6.67
1904 正隆,39122072,66440325,38040120,6.71,16650197,16.39,12.41
1905 華紙,27350308,33968456,16334892,-3.44,3866246,5.31,57.84
1906 寶隆,3118150,9003364,2137989,2.7,2314006,1.6,35.01
1907 永豐餘,59026189,136434264,70628132,3.75,22919766,17.74,16.07
1909 榮成,31175514,78064860,50711477,2.86,9382345,11.84,36.75
2002 中鋼,556227301,687994969,301039949,14.5,165114212,20.36,20.1
2006 東和鋼鐵,48997292,55402752,25670167,9.24,14713541,24.12,21.05
2007 燁興,11249801,13148601,5695138,-1.43,3374,0.5,73.57
2008 高興昌,4006997,7326880,4357239,-3.24,674974,7.48,50.53
2009 第一銅,15859330,8287859,1843815,4.06,673028,1.71,39.44
2010 春源,15802782,23143623,11293575,3.55,5061285,2.16,21.12
2012 春雨,8920994,12691505,8023594,5.67,1318785,1.9,29.35
2013 中鋼構,11840000,13905391,8721880,4.35,1658818,9.55,43.04
2014 中鴻,59072636,37479334,14917936,6.53,7073840,9.16,40.59
2015 豐興,48563517,26872216,4772416,11.11,15515445,9.95,11.72
2017 官田鋼,6820247,11316192,5160621,12.35,698010,1.28,31.76
2020 美亞,7042948,8131835,4507546,5.18,1184423,3.36,16.72
2022 聚亨,6908414,8733983,2416299,-7.57,-1305074,3.21,6.97
2023 燁輝,47831396,95141053,62245428,4.62,8702806,5.61,30.19
2024 志聯,1964625,2007149,756159,8.3,265488,0.23,36.77
2025 千興,1692625,1953507,1254507,10.67,-2094552,0.05,12.21
2027 大成鋼,92891506,109071165,54645049,13.87,13835493,18.46,9.67
2028 威致,13924274,8586451,3910383,10.85,1165151,1.44,36.88
2029 盛餘,10631058,11762692,1787447,8.14,5156791,69.89,65.77
2030 彰源,8317596,14429160,9474309,9.62,1936088,3.69,30.73
2031 新光鋼,18690697,25921883,14314113,18.75,5358912,13.47,21.82
2032 新鋼,3106400,2237882,425704,-0.13,422640,1.22,24.53
2033 佳大,1432319,1312377,265487,1.7,138188,1.27,11.78
2034 允強,14361937,19078744,9676679,9.27,2442481,9.67,17.21
2038 海光,6380493,8982319,5071266,4.2,660460,1.22,32.81
2049 上銀,104452748,51031819,20564704,5.7,20680752,47.61,12.42
2059 川湖,49268549,15432868,2829581,34.33,10862927,18.16,18.23
2062 橋椿,5479836,14259948,7719952,5.15,3006998,10.94,36.98
2069 運錩,5781914,11145755,6890404,5.59,1488153,0.51,34.51
2101 南港,33440753,37323082,26073697,-30.16,2479537,6.14,22.98
2102 泰豐,13655542,11571629,6263604,-145.17,825740,5.4,33.24
2103 台橡,33358644,32829763,12705945,8.77,9154622,29.35,14.15
2104 國際中橡,27769471,57513321,22292503,26.4,10769738,13.95,15.64
2105 正新,117015082,149721997,68244629,3.8,56024682,16.19,29.58
2106 建大,28282651,46336074,27598286,-4.9,11614624,8.37,24.99
2107 厚生,7873498,13115402,1177576,28.71,7513391,11.34,17.16
2108 南帝,41953843,20751570,3998837,17.75,11681620,14.01,39.26
2109 華豐,4693063,8323929,3851536,7.95,362279,14.79,14.82
2114 鑫永銓,9514902,3690143,544408,33.6,2123991,2.24,30.32
2201 裕隆,41900000,323862779,253163256,10.51,36025088,7.59,45.79
2204 中華,35099508,54735114,8410086,16.07,31192108,29.23,52.85
2206 三陽工業,21576135,46531218,29711516,3.56,7182522,11.16,7.97
2207 和泰車,335353906,349612784,255146819,7.77,62252639,23.96,19.2
2208 台船,20452725,43721511,30457971,-0.04,226436,4.46,42.56
2211 長榮鋼,23098955,34486987,8204461,7.93,9134644,0.52,24.87
2227 裕日車,74700000,24653475,5652767,15.03,11482271,40.89,87.83
2228 劍麟,5357646,5423292,1627595,3.67,2607926,5.01,25.61
2231 為升,22981166,9566181,4905158,7.83,1687724,8.19,35.68
2233 宇隆,6239808,4926826,1788578,15.78,1708486,16.55,10.44
2241 艾姆勒,4659304,2979596,1350247,-17.92,-82187,21.94,15.37
2247 汎德永業,17473282,19719168,8006461,3.38,6626936,0.39,61.59
2301 光寶科,149985315,183543419,110669892,5.64,36753852,50.55,6.05
2302 麗正,2810504,2147840,349894,11.97,169832,4.4,39.95
2303 聯電,811411055,464426771,183223887,27.08,115375789,40.54,6.89
2305 全友,2097732,2855213,637321,6.97,-92085,6.23,39.93
2308 台達電,714324325,365112310,178987652,8.11,95863661,69.55,17.64
2312 金寶,23896638,107917826,82056226,-0.94,947825,13.56,6.54
2313 華通,52142125,71992900,39626472,10.27,19739392,12.94,9.35
2314 台揚,18173832,6552350,4589984,-15.4,-339909,5.65,28.1
2316 楠梓電,6761380,13805409,6124944,10.08,6131866,25.19,18.97
2317 鴻海,1441750960,3908878394,2335618276,2.71,1129264061,48.91,9.76
2321 東訊,294353,2042193,1563663,1.27,-647113,0.02,63.73
2323 中環,13269187,24154059,5711637,6.5,303525,11.14,12.15
2324 仁寶,106652933,537095340,415555537,0.95,69651940,48.15,5.94
2327 國巨,237792681,209547389,129941839,18.46,63761748,45.95,8.31
2328 廣宇,20422832,24322424,10228509,4.83,6796708,9.79,24.77
2329 華泰,14718922,17018489,8046424,13.05,1545928,8.71,30.99
2330 台積電,15947183700,3725503455,1554770250,37.97,1906829661,74.65,6.73
2331 精英,12541545,24131865,13620068,1.19,362814,5.56,39.72
2332 友訊,11396884,14503864,5501528,10.28,2822455,10.86,5.3
2337 旺宏,78323917,76708148,29982671,25.38,27095127,15.56,3.13
2338 光罩,27612684,16114227,11244048,10.26,2165355,2.81,24.58
2340 台亞,31186024,12345359,2647841,11.3,3434444,16.31,21.07
2342 茂矽,7753145,3911574,1574752,15.82,262027,4.87,31.42
2344 華邦電,135320000,152740284,62706772,18.17,22808020,22.41,30.22
2345 智邦,145579200,35021369,19468418,8.9,9655707,70.12,1.76
2347 聯強,110418025,201683706,135792629,2.58,40978246,35.48,19.73
2348 海悅,11551019,21588284,15344405,19.37,2841617,1.22,54.15
2349 錸德,8150728,19244734,8744257,-3.33,-1388555,12.61,3.27
2351 順德,31965570,13044590,6511396,7.54,4019570,15.65,13.25
2352 佳世達,59888481,187210595,121047832,2.48,20777515,23.31,17.78
2353 宏碁,92807124,214788311,148765368,2.74,16886389,42.91,3.82
2354 鴻準,91800077,174397614,63373414,2.85,83686824,21.39,6.04
2355 敬鵬,14588067,23216943,7945106,-0.32,10288379,18.53,11.83
2356 英業達,89507501,247615422,191217328,0.79,21024959,23.66,12.61
2357 華碩,279277760,504152814,257716348,8.34,175054280,59.95,5.56
2358 廷鑫,2872399,3999464,2216427,7.17,145307,2.28,11.6
2359 所羅門,4098157,7885982,2910682,9.37,2793372,1.81,18.94
2360 致茂,84374800,29546117,10598659,15.59,10166996,69.9,5.45
2362 藍天,21442179,91294127,49983703,7.71,40742938,10.44,9.98
2363 矽統,17921977,23377496,114658,-117.93,3214463,6.17,25.98
2364 倫飛,463741,1126899,841288,3.94,28182,15.33,34.1
2365 昆盈,2879864,3582493,635748,3.74,1057062,7.67,8.1
2367 燿華,12450081,23062089,13568846,-7.64,306992,8.15,7.25
2368 金像電,41533012,24980285,13578171,11.08,4571187,8.86,26.66
2369 菱生,10528825,9424780,3327353,15.22,1073244,18.91,4.65
2371 大同,76268874,111466347,86047043,29.45,12830344,18.81,2.78
2373 震旦行,21210940,18251094,9324460,12.23,4112289,1.81,52.64
2374 佳能,8818649,8965197,2348544,-0.35,2996691,8.84,21.97
2375 凱美,13720244,18848418,10320916,10.32,3028657,6.47,7.06
2376 技嘉,98849484,69178190,31675090,12.15,27188132,31.52,21.68
2377 微星,135599388,101459590,54379270,7.02,38729036,41.88,16.37
2379 瑞昱,296196720,101231913,62279589,16.83,34510813,61.66,6.5
2380 虹光,2993215,2585408,1585143,-7.29,-896184,2.2,21.88
2382 廣達,365790777,717569604,549442266,2.81,115015005,30.86,28.09
2383 台光電,92551204,36565061,16791174,14.68,15458911,28.6,9.3
2385 群光,61337532,83726387,47692591,6.93,20330042,47.64,12.35
2387 精元,9313473,21910025,12836256,2.97,6914225,2.54,33.32
2388 威盛,42547473,21900950,7751343,166.84,7101735,8.45,9.49
2390 云辰,4933184,4327516,416304,46.51,1249109,1.42,29.31
2392 正崴,20262493,83126271,50625383,1.23,10781850,14.68,21.6
2393 億光,23366811,30525437,11716693,4.73,5809040,36.06,7.82
2395 研華,307074580,57828237,19465446,14.46,22274796,41.57,44.46
2397 友通,6995217,12312196,6808383,10.42,1371470,21.48,58.9
2399 映泰,4381260,3295819,864416,10.06,596560,22.2,23.99
2401 凌陽,22998967,16377399,3798303,25.89,3255931,10.4,17.59
2402 毅嘉,5258866,9065970,3333725,3.3,1100000,11.46,17.83
2404 漢唐,34591359,23749502,13983194,10.89,6426414,24.54,10.95
2405 浩鑫,6971568,4598597,973103,33.31,208895,7.92,7.71
2406 國碩,9906608,14772567,7436362,-11.58,-362976,5.05,6.02
2408 南亞科,241878433,191420863,18442795,30.16,113317248,19.86,62.02
2409 友達,220395211,424811046,186844575,12.67,80669998,37.65,0.37
2412 中華電,903742459,513070360,121807910,15.15,130888906,15.39,35.31
2413 環科,2865578,4923288,3064529,5.93,354370,1.59,48.23
2414 精技,6024629,8388187,4330332,1.74,1114100,3.96,39.08
2415 錩新,3456000,9278792,6658058,11.04,706342,1.23,14.39
2417 圓剛,4938016,6306290,2112594,1.44,1250239,4.27,5.18
2419 仲琦,7846316,10985960,5578755,3.69,476705,2.69,61.12
2420 新巨,6907322,5695775,2267601,23.67,1797660,2.86,23.23
2421 建準,11141248,11517320,7150535,4.66,1785943,22.37,8.95
2423 固緯,4184606,3493572,1061768,13.04,1081573,1.98,43.05
2424 隴華,714525,464316,248477,-,-294549,0.25,39.2
2425 承啟,2978966,3401340,1344279,3.5,974651,16.41,29.27
2426 鼎元,8522634,6314687,1818251,70.12,1230469,8.77,7.49
2427 三商電,2405298,4580622,2295031,3.43,328442,2.25,53.9
2428 興勤,20177640,12669885,4393532,19.53,6746977,15.82,37.99
2429 銘旺科,814834,828007,510922,-0.15,-196265,2.51,34.3
2430 燦坤,6417341,15851167,10666917,3.36,2338104,3.06,31.49
2431 聯昌,1536339,2071282,598129,-5.21,313174,4.61,34.79
2433 互盛電,7412645,7984920,3105166,11.18,1455712,0.94,59.85
2434 統懋,1446700,653542,123145,-17.43,-20577,0.96,39.48
2436 偉詮電,17195669,5259512,1593405,19.06,2033369,7.07,8.35
2438 翔耀,960110,984756,159375,9.32,251,0.24,39.42
2439 美律,20489709,33862624,21708001,5.04,5771654,13.72,8.41
2440 太空梭,2684958,2509132,1102885,2.13,25595,1.33,40.22
2441 超豐,44426795,26506083,5676178,22.94,15094680,16.99,44.39
2442 新美齊,3327036,12066424,7679999,28.46,1355955,1.13,27.21
2443 昶虹,496793,646198,240033,-67.44,-1443676,0.25,9.32
2444 兆勁,1520021,1852977,980697,4.37,-172923,0.97,0.06
2449 京元電子,54778976,72220183,37342015,17.65,13801607,29.45,9.06
2450 神腦,8625617,11092612,4949579,1.86,2851814,4.08,36.95
2451 創見,31364359,22438501,2603666,13.95,12003819,9.69,21.33
2453 凌群,2900000,4234329,2259572,4.35,969490,2.07,22.32
2454 聯發科,1902667200,660876748,227228854,23.43,302649721,66.2,2.85
2455 全新,26626320,4850585,1572671,21.9,1412119,33.29,6.43
2457 飛宏,18872962,13612660,7775302,-0.39,526851,6.93,18.25
2458 義隆,51659600,16933008,5959140,31.36,7984380,33.15,5.76
2459 敦吉,6293462,9317386,4322357,5.2,3510190,17.22,27.89
2460 建通,5380560,5625290,3219464,2.88,645155,2.89,53.04
2461 光群雷,4215613,8215174,3944318,-0.82,935872,6.63,8.51
2462 良得電,4066409,5520160,2949798,-0.07,1089924,0.71,44.31
2464 盟立,8554481,11781085,7567339,4.02,2157970,4.66,13.83
2465 麗臺,4222656,2012244,1259832,3.81,227868,6.19,1.78
2466 冠西電,5915402,3989544,2323498,17.59,69843,10.03,10.34
2467 志聖,7929047,7338744,4288982,11.57,1134149,15.24,11.25
2468 華經,1014435,1858450,709686,2.16,396481,0.26,67.8
2471 資通,1252205,1335146,516268,21.22,207065,5.41,17.73
2472 立隆電,10849207,13163210,4199421,14.17,2697560,2.04,34.74
2474 可成,119193217,246902803,95476081,41.12,144179403,51.34,4.16
2476 鉅祥,14369148,9172585,3353407,9.03,3049229,4.48,11.91
2477 美隆電,6114964,9045391,4418429,1.08,2652502,23.27,26.21
2478 大毅,9465800,9974438,3535225,12.29,3689308,11.59,14.85
2480 敦陽科,7743008,5786869,2766996,11.2,1752625,6.29,9.1
2481 強茂,40961098,26652789,13541787,14.3,3250008,18.77,18.51
2482 連宇,1182750,1181339,339208,5.92,41791,0.44,32.56
2483 百容,2918238,4367750,1816436,2.21,1019697,0.43,18.96
2484 希華,6233361,5896090,1891489,14.44,937735,8.72,9.46
2485 兆赫,6957389,8557440,2147612,-7.16,2574727,6.23,11.56
2486 一詮,11430837,8487817,4238513,0.91,222670,2.97,18.75
2488 漢平,2199973,4088465,1996570,6.2,1340976,2.75,19.45
2489 瑞軒,13376000,26744303,9860054,-8.67,7144390,14.33,8.77
2491 吉祥全,1709867,2414660,327790,83.7,284419,9.09,33.38
2492 華新科,81129268,94180205,40651051,13.31,34665792,20.53,28.84
2493 揚博,4411546,3841210,1401422,13.62,928954,8.73,13.01
2495 普安,5197469,5595133,1570115,23.55,1196497,18.26,14.6
2496 卓越,945450,1214688,424896,5.5,301291,33.19,23.56
2497 怡利電,9824595,3183244,1788590,10.3,67735,2.09,24.45
2498 宏達電,69917939,44184957,16962055,-52.72,8189019,13.37,6.81
2501 國建,22321549,68236146,41901311,17.75,12334330,8.3,45.3
2504 國產,34397000,35760483,13254636,13.59,8382319,13.03,10.33
2505 國揚,9310000,17349575,8086261,27.54,4811736,5.56,7.5
2506 太設,3769380,14040549,5457231,-21.24,1863641,3.37,10.77
2509 全坤建,4142948,7653588,3124920,-17.71,1659874,1.92,29.42
2511 太子,21752568,50302376,24535129,8.79,5361944,9.04,28.73
2514 龍邦,6986703,24484957,14214376,1.44,6831919,2.04,24.25
2515 中工,13869945,48088163,25159417,49.67,7676432,10.61,11.68
2516 新建,1518325,6016211,4201438,1.83,-375685,1.6,9.17
2520 冠德,20919918,53848443,33852810,19.38,10697059,17.67,31.25
2524 京城,15167767,34507385,18141539,27.66,12634391,1.51,53.97
2527 宏璟,8433547,17974724,7321774,18.22,4048338,28.96,69.14
2528 皇普,7177435,16554049,12321704,16.56,197391,0.11,41.11
2530 華建,10450904,17576116,8935962,-1137.76,166227,0.8,34.63
2534 宏盛,11381448,32677345,19217635,24.69,6380899,11.22,6.75
2535 達欣工,11085613,21933445,13107054,8.38,3207844,8.91,16.03
2536 宏普,7704505,33910437,22167715,-70.15,6345545,10.66,35.8
2537 聯上發,3110765,14853636,10526143,13.52,757182,2.35,23.44
2538 基泰,5524445,21080550,14760813,14.4,1517533,12.83,6.72
2539 櫻花建,19936500,21008129,12518848,19.59,1866248,0.56,64.44
2540 愛山林,11642972,20407353,14151409,31.59,2860333,0.31,50.4
2542 興富發,64293836,203515593,157800192,13.5,23621566,13.53,5.2
2543 皇昌,1883240,9139250,6575700,14.57,-48614,0.2,50.24
2545 皇翔,12273638,47505422,35109743,41.64,9101201,4.31,45.05
2546 根基,5264638,9277743,5766604,5.77,1702978,3.42,34.36
2547 日勝生,9766020,55930222,44282149,8.42,897841,19.94,13.97
2548 華固,25300617,42629272,24116421,24.74,15526975,22.87,15.61
2597 潤弘,22656375,17410389,9198152,9.15,2209173,0.77,50.33
2601 益航,10935566,38987376,25728326,-0.67,641378,11.24,18.05
2603 長榮,753945698,611026120,253704530,55.25,259259637,30.87,14.27
2605 新興,17092308,21534918,5667909,21.18,11012368,36.08,5.62
2606 裕民,51041322,62279181,36420463,42.53,19520906,8.98,40.44
2607 榮運,31267231,41805280,14074327,10.11,8358044,7.03,48.83
2608 嘉里大榮,20991650,24161965,12628484,13.15,6227281,10.25,48.94
2609 陽明,422544584,384415884,150093218,54.05,169070638,7.91,36.69
2610 華航,163680721,294721081,217516063,16.66,9253848,8.84,44.06
2611 志信,3470764,4233524,962070,16.01,970707,2.88,41.75
2612 中航,11533066,19078411,8650314,25.4,9317123,2.74,62.09
2613 中櫃,3918367,10970282,7692383,13.28,2171493,0.36,48.64
2614 東森,17481798,15919807,9259702,6.52,1284545,3.99,5.6
2615 萬海,484365210,257680825,113108385,48.27,122589473,43.02,8.35
2616 山隆,5010757,10353197,4896414,1.23,1944149,3.67,25.12
2617 台航,15502472,23281524,7643882,46.53,7640287,5.97,48.65
2618 長榮航,144977712,325314050,232606692,21.24,14503880,20.18,26.4
2630 亞航,2823075,4740457,2796303,1.7,201139,0.18,82.29
2633 台灣高鐵,166597473,427907041,360129070,9.38,11322060,10.19,61.35
2634 漢翔,27643796,40747892,26423205,2.51,5059836,1.3,36.42
2636 台驊投控,20773253,16604116,6390998,10,4612097,20.69,11.26
2642 宅配通,6864077,5010457,2259630,3.81,577208,5.49,46.15
2701 萬企,5489597,8769262,1225707,29.79,2467193,0.99,51.53
2702 華園,2817368,8607434,5849236,797.72,1797204,37.39,23.29
2704 國賓,11411305,17153258,5210414,-8.56,2810154,9.68,20.25
2705 六福,3357526,16054219,10827296,53.67,-149739,1.76,14.05
2706 第一店,7199971,10441935,1456023,13.07,3187064,2.63,54.33
2707 晶華,19237853,11011452,5849246,23.42,3776699,13.01,46.82
2712 遠雄來,4483500,1449488,257542,-5.45,33556,0.18,51.12
2722 夏都,3568704,2695079,681489,17.3,476301,0.22,72.56
2727 王品,10393245,13510023,10136099,1.1,683007,22.03,8.1
2731 雄獅,6452010,5400590,3766465,-21.52,-370874,0.86,21.12
2739 寒舍,2526064,13629366,12827594,-18.09,-799906,3.28,42.08
2748 雲品,3569515,4747424,3018935,14.31,177884,0.35,69.37
2753 八方雲集,8486654,5319475,2286943,8.95,1415850,7.01,30
2801 彰銀,178305690,2551106497,2379654042,24.63,61652938,11.89,43.54
2809 京城銀,45466039,343149280,294268252,-12.9,32991696,15.91,4.11
2812 台中銀,55143018,772678393,709218408,30.93,15712729,10.71,25.62
2816 旺旺保,4382717,19020937,12579164,13.2,4126209,1.4,64.93
2820 華票,23098912,228733880,203176695,56.45,11327515,6.21,51.23
2832 台產,7388880,20642975,10461684,25.59,5889609,3.09,29.97
2834 臺企銀,76657631,2021253072,1919593100,17.07,21105900,18.57,21.08
2836 高雄銀,14077672,284032958,266357811,18.34,3660188,7.67,58.32
2838 聯邦銀,44814965,841589146,775724077,23.35,16484719,2.94,15.23
2845 遠東銀,37775102,723054513,673352562,23.58,14087051,10.58,8.18
2849 安泰銀,32011829,333070977,298235735,27.31,14808390,59.06,56.33
2850 新產,15008243,43885480,28628248,10.98,10337062,7.06,22.81
2851 中再保,17505004,49464949,32912538,8.53,7933739,2.05,62.88
2852 第一保,4412038,16861059,9589641,5.13,4086725,3.53,19.68
2855 統一證,34430403,117687899,85921269,25.93,15724509,11.06,0
2867 三商壽,24666189,1400567397,1359129007,-2.4,22891779,7.13,41.67
2880 華南金,279715853,3460953918,3260247111,24.25,44723567,17.61,25.26
2881 富邦金,900718753,10499733326,9515890829,31.75,478692234,25.36,27.66
2882 國泰金,823075625,11594361461,10680322734,32.95,477986919,21.49,34.27
2883 開發金,300873598,3458639948,3165529196,29.81,62355858,24.01,1.67
2884 玉山金,374596530,3230908277,3036523635,31.79,36091761,35.33,2.12
2885 元大金,307077106,3023019302,2733939597,33.32,101364961,33.17,4.72
2886 兆豐金,483473708,4168264859,3839865976,43.44,113046484,30.28,20.61
2887 台新金,216207808,2512560489,2314459161,21.21,38701004,26.13,4.33
2888 新光金,156312902,4685262887,4421880510,3.82,98335983,18.41,4.1
2889 國票金,48110003,349885764,305701954,54.42,6525545,11.68,7.03
2890 永豐金,182027522,2382674862,2219871010,29.94,45906514,27.09,2.76
2891 中信金,505946865,7083525780,6630924330,19.11,177590639,35.83,1.53
2892 第一金,317621896,3739593907,3515047049,22.12,55172383,23.23,19
2897 王道銀行,21864048,575080669,519913282,29.55,6567892,1.95,27.58
2901 欣欣,1931987,980154,125556,18.73,120214,0.21,48.78
2903 遠百,30393363,130727311,90892153,5.38,8447321,11.38,17.4
2904 匯僑,1753464,1635480,673000,7.14,286208,0.67,42.67
2905 三商,20687649,1427046503,1379820711,0.16,12995431,6.22,40.88
2906 高林,3199398,10266217,4548907,4.32,937250,3.02,30.5
2908 特力,10988065,38372173,31389330,1.26,2598645,7.55,13.59
2910 統領,8349000,6021296,3624323,49.05,1159568,0.22,51.74
2911 麗嬰房,1508811,5408292,3471434,9.52,-664061,17.41,24.6
2912 統一超,284336617,214504035,171712543,4.02,25602078,31.75,45.9
2913 農林,16037000,24249367,9571632,-1072.46,4569818,8.74,31.16
2915 潤泰全,71596005,148273881,38287304,229.49,59945830,10.37,21.98
2945 三商家購,4778929,5538542,3632860,1.57,238567,19.85,83.37
3002 歐格,1331100,1807120,505064,2.27,287917,0.47,56.52
3003 健和興,14273472,8326123,2815664,17.05,4047444,4.67,16.06
3004 豐達科,3037732,4305727,2531528,1.19,891118,2.23,47.19
3005 神基,33291779,35844386,15880997,9.53,9949974,30.01,34.96
3006 晶豪科,47215740,20237379,7577819,19.59,9839838,13.79,5.67
3008 大立光,330655100,174710880,32971158,39.35,141877661,40.65,28.44
3010 華立,25253819,45886970,28170152,4.34,11832451,15.6,13.06
3011 今皓,1341356,2045413,1035123,26.78,-241316,0.26,12.34
3013 晟銘電,2409196,7211902,4970171,-1.99,575472,1.63,31.2
3014 聯陽,17477180,8639409,2378258,23.92,2380884,12.46,12.81
3015 全漢,8614006,21177542,7630066,5.03,4242739,12.78,24.25
3016 嘉晶,37964196,6613535,2003456,8.48,453283,1.17,63.89
3017 奇鋐,31161942,50865107,36780181,6.5,9065154,32.71,17.65
3018 隆銘綠能,1492199,1523542,1252946,-70.73,-505260,0.23,17.61
3019 亞光,26393694,22624237,6732185,8.93,5019178,10.14,7.32
3021 鴻名,2401700,2790431,1521242,1.1,513444,3.56,39.38
3022 威強電,8264740,11596098,3558649,10.65,6137966,19.47,27.49
3023 信邦,66514220,27148720,16013340,7.6,6207190,53.7,9.09
3024 憶聲,3880198,4360854,1525422,0.4,479002,1.33,12.55
3025 星通,1684350,992323,186064,23.24,51933,1.69,13.89
3026 禾伸堂,18879805,16270529,6185807,8.03,5307317,13.85,9.32
3027 盛達,2253917,2587021,1028782,0.15,295260,4.17,19.44
3028 增你強,7441075,21786512,16494280,1.76,1833149,7.43,15.84
3029 零壹,6686680,7676312,3732326,4.12,1095479,3.04,11.34
3030 德律,13818636,8009982,1913691,19.2,3749203,18.69,18.86
3031 佰鴻,4696273,3665160,636462,9.5,672830,2.47,50.6
3032 偉訓,3817705,7980699,4377413,3.77,1254935,4.17,29.31
3033 威健,13283915,27535230,19512742,2.51,3041802,8.7,14.28
3034 聯詠,327987429,120593034,50141711,29.92,59588550,58.51,7.04
3035 智原,59403450,12036505,3881206,20.02,3278832,23.09,14.47
3036 文曄,59009916,173349287,119488979,1.61,17208283,12.12,49.72
3037 欣興,340785060,170055253,104539077,16.9,36897138,43.94,14.51
3038 全台,3158816,3589443,1517060,4.97,654787,1.69,21
3040 遠見,2397150,1777936,125197,28.53,718911,16.46,26.29
3041 揚智,8123995,3809371,714403,0.98,1226,9.45,1
3042 晶技,32679364,20803268,8043574,19.67,7167557,22.2,6.85
3043 科風,775614,1174496,1074370,15.88,-2848277,0.14,1.72
3044 健鼎,65437823,84787171,46466771,9.13,36267004,46.88,5.48
3045 台灣大,351923300,190982527,117705529,6.65,44978937,14.75,17.57
3046 建碁,3240167,1697502,1049908,4.3,-56062,1.68,52.52
3047 訊舟,2711063,7364418,4505349,-1.24,-17967,2.12,6.68
3048 益登,7981425,26755581,22448846,1.07,2121548,4.71,22
3049 和鑫,13919853,16618274,5670338,23.85,1750829,9.51,34.57
3050 鈺德,2686106,5242641,2553392,3.99,416534,8.14,23.25
3051 力特,5423000,4808906,2774909,2.57,355003,0.54,13.03
3052 夆典,2458665,8165658,5081328,3.87,744424,3.46,19.54
3054 立萬利,2152004,947899,50375,99.88,61706,0.4,54.25
3055 蔚華科,3550356,6406670,3765792,-6.09,1099369,1.8,34.01
3056 總太,8571012,20239564,15302456,-152.08,2002952,8.34,21.9
3057 喬鼎,1330987,1399418,595703,3.27,-58197,2.37,5.2
3058 立德,2561002,5237522,3738280,-6.66,-266708,4.78,6.65
3059 華晶科,13289968,16342593,6950228,1.23,4336106,11.05,5.49
3060 銘異,3569760,5120949,2212471,5.04,758637,9.29,6.05
3062 建漢,10203185,7585846,2139567,-2.43,1710329,10.37,6.36
3090 日電貿,9629612,8866683,3988713,6.52,2181792,11.76,8.12
3092 鴻碩,5197503,5005518,3075307,2.01,505196,1.84,9.16
3094 聯傑,3969241,1173379,128096,27.66,151352,2.97,10.47
3130 一零四,5891225,2945632,1370182,18.34,849260,41.43,58.98
3138 耀登,10535586,2298248,922401,22.91,498372,1.32,22.47
3149 正達,6418822,4493822,3061063,-14.95,-1124630,3.11,10.61
3164 景岳,2103134,1698033,173648,36.14,154871,0.73,13.3
3167 大量,8494204,5843418,3559357,8.15,1447828,2,37.85
3189 景碩,105046652,58386148,25397050,15.42,18130947,22.05,39.06
3209 全科,5895641,15781507,11869747,1.79,1321370,4.69,12.92
3229 晟鈦,607848,533158,248267,-38,-51504,1.58,22.81
3231 緯創,84629796,497297806,404813027,2.54,31098687,42.74,3.38
3257 虹冠電,5503037,1987719,241547,26.96,781331,4.79,16.14
3266 昇陽,4844318,13476878,7812953,-85.19,958888,7.1,39.05
3296 勝德,1842592,2591700,1318694,-11.09,249081,2.66,18.79
3305 昇貿,10876808,8449801,4009845,6.37,1992347,1.97,24.88
3308 聯德,1192685,1420930,756161,3.34,-26388,0.22,38.13
3311 閎暉,2454800,3086517,696319,4.2,1460751,1.8,41.71
3312 弘憶股,3385575,7308722,5413528,1.99,587811,4.75,27.86
3321 同泰,2217245,2244895,1392683,-3.79,-623350,0.38,28.14
3338 泰碩,4826149,4035952,2326655,5.51,567065,0.63,20.29
3346 麗清,4256860,6296840,3916273,2.4,525119,6.86,11.68
3356 奇偶,2847357,2695078,861322,19.31,748398,4.59,19.55
3376 新日興,18594051,21356562,5829781,9.13,11083217,20.37,14.45
3380 明泰,18174639,24730784,12171680,2.27,2048554,5.28,54.86
3383 新世紀,587300,2720249,2623428,31.07,-601578,16.71,8.68
3406 玉晶光,59351155,30462873,13376414,15.87,7028362,17.58,10.99
3413 京鼎,22412715,14179634,6655745,10.9,4427769,24.36,8.66
3416 融程電,5686979,3529883,1242396,11.98,795723,2.38,48.91
3419 譁裕,3078264,2426342,1007049,-6.7,83198,7.99,18.25
3432 台端,1015437,1783323,191539,211.93,821932,5.62,39.36
3437 榮創,3714884,4248525,1459484,4.13,370561,9.62,7.53
3443 創意,78530446,14857659,9594330,10.49,3929040,28.86,35.11
3450 聯鈞,8274681,9931867,3871239,9.25,2193398,5.72,8.09
3454 晶睿,6492525,5345177,2391459,5.5,1606560,6.03,56.24
3481 群創,206968552,467519590,162722659,7.45,98667853,30.8,1.82
3494 誠研,597600,2239501,1199907,-23.52,-486439,12.56,17.58
3501 維熹,5699987,8326007,2378213,3.14,3394490,4.89,26.08
3504 揚明光,13401933,5940138,2756303,0.99,598604,1.61,38.79
3515 華擎,34603388,15893950,7105106,12.43,4446127,5.66,51.52
3518 柏騰,2018800,1877827,460999,15.3,41298,8.22,10.44
3528 安馳,3318672,5017550,3171516,5.17,670173,2.3,60.28
3530 晶相光,10667748,3878913,1148004,14.75,919385,46.64,32.67
3532 台勝科,112475920,23721445,2868689,12,11264299,53.54,74.63
3533 嘉澤,80737534,26419391,8364687,17.07,11200170,28.64,20.49
3535 晶彩科,1454557,2204764,1233577,12.03,87219,4.49,17.92
3536 誠創,656820,1317609,1188660,-9.17,-973553,0.19,24.86
3543 州巧,2365470,5193268,2163702,-1.71,688982,1.09,16.78
3545 敦泰,37167309,25331934,11683972,23.82,6425625,23.66,3.23
3550 聯穎,1666000,4394677,2452455,0,955118,2.1,12.85
3557 嘉威,6159010,5068915,2792165,9.69,819675,0.01,45.71
3563 牧德,12479112,4509082,1550858,26.62,2243202,10.24,10.2
3576 聯合再生,35569615,31215256,15382876,-11.13,-1461427,10.77,13.31
3583 辛耘,8763012,8327817,5198861,8.55,1756891,7.93,14.79
3588 通嘉,7929600,2172296,524743,19.31,749944,7.99,9.37
3591 艾笛森,3041120,4046753,1262690,5.5,129029,4.11,22.32
3592 瑞鼎,43468353,19202277,10168895,18.04,6987263,6.4,0
3593 力銘,1442151,1463346,848616,0.76,-337573,0.19,43.29
3596 智易,27602730,33901113,20978000,4.69,6738883,18.5,20.32
3605 宏致,6988540,12872602,7340399,1.81,3328840,10.57,15.93
3607 谷崧,2281163,3887291,1529801,-11.46,-233552,7.69,12.65
3617 碩天,5609904,10391204,6378994,-9.82,1897536,3.71,20.99
3622 洋華,4358218,6060570,777073,23.73,576376,3.05,31.24
3645 達邁,5666529,5348339,2449419,9.23,1117764,10.95,17.21
3653 健策,49901664,13520657,5509351,14.18,2511505,6.57,28.99
3669 圓展,6151238,4258362,1285044,10.31,1729954,1.53,54.32
3679 新至陞,5734397,9097092,4681393,14.52,3152444,15.77,18.83
3682 亞太電,35487351,45658596,16275481,-38.7,-13789135,4.48,42.27
3686 達能,1799181,801462,36511,98.68,-370185,1.57,3.4
3694 海華,4084473,6402928,4317562,4.05,-226535,0.79,46.04
3701 大眾控,15967401,9257779,4734971,1.14,533711,3.42,63.55
3702 大聯大,88318346,287738624,216513278,1.37,32810967,28.69,7.27
3703 欣陸,20703857,70389647,42611354,8.67,9281503,19.96,43.29
3704 合勤控,15899171,21393674,12174065,2.75,1513771,9.62,29.74
3705 永信,11442825,12009266,5221167,10.31,2113430,13.14,18.04
3706 神達,42470771,76348802,23742437,5.72,16293899,10.6,18.17
3708 上緯投控,8742624,14576308,8015982,3.99,1774173,8.07,14.81
3711 日月光投控,469453917,672934285,398301560,18.36,91318899,71.62,15.97
3712 永崴投控,8089050,24543836,12553318,5.47,445172,1.54,29.65
3714 富采,52558752,76889182,22284139,4.16,2169446,17.31,4.37
4104 佳醫,8130125,15105000,5359288,11.9,3192892,5.99,22.79
4106 雃博,2966783,3140417,1076127,1.22,956985,1.12,38.78
4108 懷特,4627799,2470112,81558,-90.27,-441016,0.8,17.86
4119 旭富,8012088,4189895,869264,-14.47,1067397,2.19,32.59
4133 亞諾法,2637083,1283049,71293,-1.47,122464,13.66,14.09
4142 國光生,19177488,8010087,1577545,35.19,944837,5.18,17.69
4155 訊映,2216686,2812750,1109738,-1.53,203674,1.29,12.12
4164 承業醫,6128067,12567281,6253424,15.32,1336393,23.93,27.78
4306 炎洲,9861534,30288294,19280816,3.41,2106814,6.15,21.21
4414 如興,5896181,19128542,10608937,-37.17,-2469999,20.73,27.74
4426 利勤,4014740,4961765,2234443,-68.5,1025157,5.57,24.04
4438 廣越,13490438,14839304,6447735,4,3402017,2.28,42.06
4440 宜新實業,3180486,2152544,620858,14.88,552147,0.08,11.96
4526 東台,4421231,16003449,10377217,1.51,1295443,7.71,16.3
4532 瑞智,9643877,26582507,16169567,0.05,3780844,13.32,36.98
4536 拓凱,13623000,11250987,5261158,11.6,3727191,13.52,22.58
4540 全球傳動,4704191,6828378,3572806,5.62,621325,4.11,13.29
4545 銘鈺,2256100,3077095,1363796,5.84,409828,34.44,70.11
4551 智伸科,21305510,12345993,5066256,12.59,2664029,54.7,33.6
4555 氣立,3577373,4558837,1741896,8.79,1629633,0.57,30.23
4562 穎漢,1405113,2810146,1686713,-20.8,-94795,1.57,24.6
4564 元翎,7704514,8108233,3634030,9.21,796197,1.53,18.47
4566 時碩工業,3637887,6816805,4334899,1.51,590085,2.47,52.02
4572 駐龍,3651600,1977862,258758,14.31,1108664,0.9,37.94
4576 大銀微系統,13537513,5895397,2041684,9.7,919532,1.02,36.91
4583 台灣精銳,20492768,11470730,3739987,28.73,6918457,50.99,0
4720 德淵,1586741,3280649,1937190,1.76,281455,4.52,33.01
4722 國精化,4415397,4622906,1839977,5.94,1408602,11.42,19.07
4737 華廣,4743564,4563882,2487805,6.59,225521,23.31,40.38
4739 康普,15840292,10205453,4738862,5.66,1204411,2.84,28.08
4746 台耀,7275428,12016967,4414802,-27.66,2640027,4.07,14.18
4755 三福化,17573197,6575576,2398987,18.37,2301687,29.47,49.04
4764 雙鍵,4825860,4813973,2527849,3.69,1224176,37.95,18.21
4766 南寶,17120940,25927635,9657596,3.37,6635665,17.66,17.73
4770 上品,22817323,8152049,2615309,25.3,2792054,2.16,26.09
4904 遠傳,210499100,175543581,109442801,8.28,30995246,18.81,32.95
4906 正文,11970315,20217030,8301209,4.83,2881142,11.34,4.35
4915 致伸,25813412,49474198,33031686,2.84,9308707,59.8,4.91
4916 事欣科,2703910,3001970,1788928,2.18,303400,1.01,21.69
4919 新唐,59186865,34408390,18853700,10.48,4418707,3,55.15
4930 燦星網,3464940,13048978,6828512,5.37,929711,5.96,44.4
4934 太極,8932500,4031361,2224610,-123.96,-1343276,0.49,28.9
4938 和碩,184436952,676770363,482503486,2.06,78226029,28.38,21.03
4942 嘉彰,7161060,11311150,3338115,8.49,4320845,16.79,20.01
4952 凌通,7366776,3719287,1218021,18.48,1308947,8.26,49.96
4956 光鋐,2630690,3149095,1176093,7.74,581052,9.48,10.65
4960 誠美材,9423685,15743598,5270399,1.5,3411949,6.6,3.37
4961 天鈺,52605690,24292542,6908027,23.82,7047009,7.38,17.66
4967 十銓,4957282,3715470,1361920,-9.98,178922,6.98,9.55
4968 立積,24151764,3303165,905301,-8.79,1098194,34.28,9.5
4976 佳凌,9545381,3628038,760878,-5.69,8839,4.04,23.06
4989 榮科,6337696,3185603,758459,12.32,675040,2.54,65.78
4994 傳奇,7191535,2268776,643292,1.17,249777,1.61,61.3
4999 鑫禾,3058539,4298255,807104,9.53,2349654,5.46,19.41
5007 三星,16959050,8385910,1513365,13.21,3342713,3.4,54.13
5203 訊連,6867240,3964523,1258066,-173.43,1472315,17.48,20.12
5222 全訊,14447364,2309949,330624,33.21,282157,3.03,11.89
5234 達興材料,15818110,4649558,1582339,14.36,1999550,8.31,44.04
5244 弘凱,3382064,1713464,448627,27.34,640809,0.85,18.71
5258 虹堡,3447367,4583505,2897639,7.65,442164,5.3,31.24
5269 祥碩,125976760,17934809,1652191,60.67,5285362,23.98,49.68
5283 禾聯碩,8614000,6025294,1980994,7.42,2488990,4.78,24.66
5285 界霖,11020320,5606137,2529199,6.17,1142668,4.26,20.92
5306 桂盟,24885000,11436139,4894019,25.09,4476661,24.1,44.92
5388 中磊,19105847,34394252,26150715,2.82,4124000,21.94,6.27
5434 崇越,28708442,25174443,13295795,5.38,6604677,26,10.97
5469 瀚宇博,23991221,77454656,37485275,8.89,14420324,14.42,38.39
5471 松翰,15444684,5601533,1270053,23.42,2516419,18.3,11.64
5484 慧友,843736,779793,250975,-1.02,-32961,0.96,14.13
5515 建國,3629904,8345070,3642492,2.4,1911101,7.17,27.21
5519 隆大,4734655,11070067,6476061,14.62,2338183,2.04,15.04
5521 工信,4208994,7801487,2517371,-4.29,324836,8.58,4.41
5522 遠雄,48302633,95120071,50755677,19.85,27765090,8.19,65.08
5525 順天,7487925,19030956,14677104,13.06,1353231,1.67,19.17
5531 鄉林,10753479,35266280,23778409,3.08,1910729,5.37,36.17
5533 皇鼎,5448160,13107316,4780929,56.63,5452807,2.94,34.49
5534 長虹,21193725,41729059,23459962,30.08,13853847,12.99,24.06
5607 遠雄港,15523583,19017848,11642795,28.29,2484243,3.11,51.33
5608 四維航,14882868,24322297,17302442,32.98,2059627,6.47,10.31
5706 鳳凰,2865896,2600280,1203804,32.28,407412,1.19,25.8
5876 上海商銀,211755742,2139632711,1930394511,42.65,95479933,56.03,4.94
5880 合庫金,346143109,4433836855,4190958263,32.81,35073550,18.04,27.7
6005 群益證,36796891,203693939,162220355,43.6,12155572,18.57,0
6024 群益期,8196521,46607536,40333438,17.78,2596173,1.7,0
6108 競國,3549758,9326656,5753795,2.12,1770661,6.11,13.47
6112 聚碩,7487191,8431724,3973066,4.6,1161414,1.48,51.58
6115 鎰勝,8050700,8741505,3890584,6.66,2318927,10.99,12.81
6116 彩晶,54792067,60617483,9933138,21.79,19821179,12.2,21.87
6117 迎廣,1702080,3806950,2745610,-9.45,-230075,3.48,39.28
6120 達運,10648880,19855520,10642262,1.73,146039,10.03,28.93
6128 上福,3680914,6784153,3509268,7.9,972201,2.31,34.64
6133 金橋,1304617,2107243,885697,-3.46,87130,3.04,16.65
6136 富爾特,2270282,3149508,108651,45.95,477669,4.21,12.18
6139 亞翔,7341327,32239923,20847418,2.3,3053424,15.26,26.41
6141 柏承,3689531,6889079,4084468,14.67,1325938,8.31,15.74
6142 友勁,3770881,5257025,2126674,141.98,-19789,5.89,44.6
6152 百一,2063177,3389438,2005135,3.95,-525035,0.72,8.74
6153 嘉聯益,14710882,28474088,13466888,-9.18,3876894,9.28,27.64
6155 鈞寶,2146924,2966753,1544615,13.39,359673,0.59,26.34
6164 華興,1760000,1796550,676826,-3.7,209894,1.91,11.73
6165 浪凡,2017872,1545933,873052,-6.48,106114,3.69,1.61
6166 凌華,14093806,13180110,8759669,3.35,1530112,9.51,37.12
6168 宏齊,5646291,4607849,1097558,9.65,472964,4.47,22.53
6176 瑞儀,46967727,67353760,36625234,6.38,23961569,42.72,4.07
6177 達麗,11811860,37567388,30360497,19.61,2467677,1.69,6.5
6183 關貿,7665000,3880140,1546322,16.07,913642,1.04,47.4
6184 大豐電,7064970,7577574,3238082,30.5,994876,2.74,12.79
6189 豐藝,8094376,15212599,10206928,2,1694335,6.58,10.17
6191 精成科,18308096,33542465,17163601,9.55,6914450,8.34,41.8
6192 巨路,8055661,9114510,3418715,13.35,4680909,25.36,11.55
6196 帆宣,35081592,27860534,20058394,4.16,4439032,3.04,58.08
6197 佳必琪,5048215,4460980,1359947,11,1496592,10.87,26.41
6201 亞弘電,3969400,3532125,998184,6.23,1387218,0.68,33.79
6202 盛群,25443900,8543833,2833585,25.38,2794950,27.56,9.62
6205 詮欣,6095092,3035578,702900,10.45,937445,5.79,11.03
6206 飛捷,11316204,6318171,1577036,14.81,2546710,12.34,19.65
6209 今國光,6373744,4623970,1435702,1.76,596245,5.74,16.72
6213 聯茂,54379894,36237286,14922548,10.05,8308867,12.12,20
6214 精誠,22844526,26560190,12749023,1.95,5860652,13.28,9.38
6215 和椿,2508507,2120314,658871,6.65,428830,6.09,23.6
6216 居易,2443286,1771046,188675,21.37,506013,0.82,20.01
6224 聚鼎,10705625,5528250,2171917,7.73,1436117,11.15,24.27
6225 天瀚,309996,24540,12020,6.23,-420017,2.57,25.38
6226 光鼎,1915254,2755151,1462381,-12.5,128710,1.46,12.3
6230 尼得科超眾,14332938,10521848,5853688,1.06,3473651,84.78,81.22
6235 華孚,6706619,5126617,2656261,10.33,778590,2.95,36.46
6239 力成,76122564,118587022,55280780,14.4,43573846,55.26,5.95
6243 迅杰,2614998,1085377,332177,7.82,60069,3.29,7.21
6251 定穎,6285783,17638595,12117799,3.52,1869564,8.82,9.46
6257 矽格,26624346,36602973,18776150,17.82,9342927,22.27,6.48
6269 台郡,36713985,48315063,22630609,10.66,19645120,24.01,7.33
6271 同欣電,53165630,27537856,4554915,20.88,6220027,26.49,12.32
6277 宏正,9760781,7292829,2549032,13.49,3399506,14.51,15.72
6278 台表科,36111153,55453609,39600561,6.68,12039986,13.71,8.66
6281 全國電,8151938,9276404,6561170,2.66,1287117,2.23,26.6
6282 康舒,18908329,30678514,20177062,1.63,4513042,8.42,23.48
6283 淳安,6596608,2994254,962742,6.33,-21922,18.93,43.48
6285 啟碁,30931524,44497005,27494406,1.74,9096656,9.36,25.92
6288 聯嘉,5387492,5863991,3468079,-0.18,279050,0.63,25.04
6289 華上,260897,215674,214675,-18.57,-1043283,0.04,7.65
6405 悅城,1858850,3212741,418050,15.51,1606038,0.51,15.7
6409 旭隼,135062355,13384123,7676447,12.86,4212743,66.82,19.66
6412 群電,30626681,30012548,18899088,7.23,5892383,19.71,59.54
6414 樺漢,24078538,100625893,69255706,3.89,2922656,8.1,33.94
6416 瑞祺電通,7252931,4955945,1729544,5.71,935163,0.77,28.64
6426 統新,3003702,1393179,106752,4.5,233776,5.77,31.35
6438 迅得,7999184,6179874,2853593,14.65,1232110,18.92,16.04
6442 光聖,2491335,3089578,1352049,5.04,1037582,33.18,13.3
6443 元晶,18946330,10229931,5100384,10.92,46317,4.54,7.98
6449 鈺邦,5399447,4601821,2049836,10.43,995384,5.17,22.59
6464 台數科,11871241,19919850,11703509,27.42,3336789,0.66,24.93
6477 安集,5669582,6565308,3800408,4.82,622645,5.65,18.69
6491 晶碩,29890000,8564916,3056489,23.62,2997501,14.58,42.96
6504 南六,8203800,10549967,7060983,-2.35,2685346,4.9,22.6
6505 台塑化,913539468,458757108,96990020,4.21,194466552,7.31,75.82
6515 穎崴,14703453,3939205,1009347,24.99,911136,4.77,24.39
6531 愛普*,74264673,6278643,1483688,31.25,2995688,17.71,18.63
6533 晶心科,27148400,5029199,257890,11.15,171590,17.21,23.31
6552 易華電,4689500,4895248,2091574,6.5,862224,1.64,55.99
6558 興能高,3100614,2755400,1187456,-4.89,374622,2.01,24.55
6579 研揚,10314089,10216005,1825477,16.03,1013452,3.15,75.14
6581 鋼聯,9012870,4410698,621515,36.23,1677489,0.78,70.23
6582 申豐,17518710,8731610,1368594,28.12,5370056,17.27,51.64
6585 鼎基,5742428,4598150,2176936,7.73,1631817,10.74,0
6592 和潤企業,47483000,201559196,176065517,20.9,9762214,29.13,68.39
6605 帝寶,10413245,31414838,16788997,8.22,10138436,13.34,22.03
6625 必應,1497601,1023171,446845,6.41,-89320,1.71,17.47
6655 科定,5925798,5163636,3383955,28.78,1185943,0.36,39.33
6668 中揚光,4360809,4549673,2411754,-58.17,127859,27.06,44.69
6669 緯穎,194946600,84737458,57367432,4.6,17235258,30.95,48.08
6670 復盛應用,25419820,17325721,8752951,10.51,5464093,23.23,8.19
6674 鋐寶科技,2096161,3239504,1614787,0.46,596583,0.24,72.5
6691 洋基工程,17316285,9051346,4534098,9.78,1858678,0.06,26.7
6698 旭暉應材,3903673,2649647,950655,12.54,193518,2.04,40.22
6706 惠特,15999483,8658471,4637230,19.59,1838903,7.02,11.62
6715 嘉基,7011000,3123914,1294573,7.26,440609,1.59,55.54
6719 力智,65260715,4745639,1843260,18.39,2039887,1.03,0
6743 安普新,10740000,9091213,6327489,-3.04,468109,3.27,25.97
6754 匯僑設計,2699400,4320843,2317775,9.9,662751,21.56,62.8
6756 威鋒電子,34126617,4075185,873415,26.15,976311,0.84,62.9
6770 力積電,251705955,132061421,65465740,31.38,14220647,6.11,27.5
6776 展碁國際,3556932,6567242,4524216,2.03,497264,0.1,60.41
6789 采鈺,158086544,15089175,6172600,21.83,5250785,10.36,0
6790 永豐實,13409876,7943667,2601080,8.79,1650450,2.9,59.39
6792 詠業,9646813,2438548,661519,16.74,609338,0.48,54.35
6796 晉弘,2019404,715838,229717,15.58,104976,24.9,0
6799 來頡,12230757,1034191,350909,27.96,310678,0,0
6806 森崴能源,15748750,10166627,3986523,5.76,526678,0.46,61.27
8011 台通,2948817,6727633,3133407,-12.64,66969,2.4,20.98
8016 矽創,38443520,22672777,7475710,33.08,9080141,33.48,7.53
8021 尖點,6007105,7535332,2312307,11.47,2360612,19.05,11.4
8028 昇陽半導體,8182522,6327979,3810923,18.4,503273,12.51,17.65
8033 雷虎,2281219,1436896,470825,-2.93,-591566,1.18,5.14
8039 台虹,9933153,14074880,6161487,5.59,4764329,19.94,11.03
8046 南電,369606380,56345175,15866201,24.06,16752964,8.14,66.97
8070 長華*,26818399,30308595,15587628,12.42,4036866,10.68,35.6
8072 陞泰,2172000,2590285,307638,2.13,1383266,1.27,39.57
8081 致新,22878666,10192153,3353196,25.86,3968251,26.77,11.05
8101 華冠,620102,1073854,663354,334.71,-1638919,0.18,38.57
8103 瀚荃,4058184,5158598,2296665,6.63,1582049,9.71,14.3
8104 錸寶,5571749,3970287,1679309,4.28,769082,2.47,37.4
8105 凌巨,6159539,12351676,5203287,5.33,203360,58.39,53.12
8110 華東,9834441,21517385,10279133,6.87,3957363,6.88,32.84
8112 至上,21639048,58232354,46154232,1.42,5215862,22.99,6.31
8114 振樺電,9252744,14784708,10315177,7.52,1695709,5.57,10.1
8131 福懋科,17290880,14232091,1930077,17.02,5501461,5.81,63.84
8150 南茂,35343864,42522584,18136698,20.87,10810956,46.59,23.59
8163 達方,14196000,33195274,20473937,4.74,3331941,17.65,23.86
8201 無敵,1094523,908339,237561,-18.3,60897,2.61,40.96
8210 勤誠,9421464,11252995,7076358,5.87,3116860,6.65,33.95
8213 志超,13168799,32180823,17534443,13.74,9248456,22.59,6.34
8215 明基材,12169578,12509928,7353325,6.39,1934086,13.74,41.26
8222 寶一,1014880,1295027,543749,-22.67,12279,0.74,25.81
8249 菱光,3748733,6732521,2761752,0.19,1396626,6.72,25.77
8261 富鼎,9272760,3573652,1366224,18.49,1073522,10.37,11.96
8271 宇瞻,4953738,4878068,1786198,3.7,1819067,4.24,18.54
8341 日友,22244250,9725898,6434650,29.77,1723632,22.53,39.82
8367 建新國際,4372961,9764058,6383432,11.35,1451921,1.71,46.71
8374 羅昇,3485363,3053117,1000023,3.22,672018,2.45,44.43
8422 可寧衛,25425348,7748541,1649510,27.77,2988586,23.37,22.69
8438 昶昕,4296002,2523861,1157727,4.43,449185,0,0
8443 阿瘦,801600,1977551,959271,-12.69,20371,6.44,13.2
8454 富邦媒,295873500,23015046,14166033,3.41,4698492,30.65,65.87
8462 柏文,10497185,8171900,6507003,13.07,101812,2.93,37.31
8463 潤泰材,4567500,6180503,3680695,-2.04,62642,0.41,58.38
8464 億豐,120870750,29393700,11495038,20.54,11172744,44.08,37.88
8473 山林水,4796279,15613364,8252708,6.31,523413,0.88,67.26
8478 東哥遊艇,13421786,6857327,3829946,23.22,1413907,40.25,57.89
8481 政伸,4955114,2252805,457645,18.51,1095761,4.67,24.92
8926 台汽電,22324919,24053841,12075778,12.96,5429915,6.46,34.12
8940 新天地,887507,1745867,1095995,11.61,-236656,8.15,26.09
8996 高力,5756330,3412255,1527416,5.24,385159,2.89,5.08
9902 台火,1308954,1398488,80595,4.47,285060,1.12,20.92
9904 寶成,97685989,366890826,159394074,2.72,85726878,53.87,8.69
9905 大華,8052000,10742614,3002680,4.03,4137979,3.06,21.01
9906 欣巴巴,5267278,11543940,10570341,13.23,121990,1.06,50.07
9907 統一實,22976560,37848323,16901476,4.27,5569544,14.61,53.68
9908 大台北,17143086,18538651,5188036,27.52,4573674,2.17,18.27
9910 豐泰,204109152,46925189,27056626,9.52,11801801,18.08,27.53
9911 櫻花,15257349,8279546,2837393,12.47,3094812,23.87,8.86
9912 偉聯,562627,764082,343497,6.23,-587,15.71,24.06
9914 美利達,97916933,35508949,16937225,21.36,16813908,44.17,28.31
9917 中保科,46924488,23612944,11594365,19.35,6575176,40.88,31.72
9918 欣天然,7726984,5334660,2201390,26.6,1301959,2.24,40.82
9919 康那香,5108716,6871679,4233282,-0.29,615550,4.32,27.34
9921 巨大,129397080,77199431,47546346,5.91,24454964,52.22,13.38
9924 福興,7820758,8823390,2710470,5.83,3795391,11.29,11.93
9925 新保,15247692,17907213,6134579,10.07,5304690,17.01,20.29
9926 新海,8849547,7415152,3817439,14.14,1253596,0.33,38.05
9927 泰銘,6391548,6905908,924479,9.15,3093777,10.6,36.35
9928 中視,981213,3663319,3228902,8.85,-1090438,0,51.34
9929 秋雨,961147,2008156,928172,-4.83,48774,7.54,28.29
9930 中聯資源,11271289,13128531,7143685,6.74,3057582,2.22,68.65
9931 欣高,4422722,5210737,2752018,25.42,999591,0.71,47.38
9933 中鼎,28415704,87424705,66863840,4.37,5169971,16.46,9.7
9934 成霖,5408261,16174820,11002135,-2.57,1794862,19.11,12.21
9935 慶豐富,3367017,6126390,4102928,0.88,475177,4.33,12.75
9937 全國,15143107,12779731,7419301,3.26,2230637,3.17,27.9
9938 百和,24343577,28935862,15305503,12.72,7789974,34,13.07
9939 宏全,20605406,33544017,19353774,5.27,8042009,28.56,8.52
9940 信義,25826452,32920792,20355075,11.94,6064680,5.21,61.5
9941 裕融,66875550,232111425,206581646,17.68,11878330,5.42,45.78
9942 茂順,8158094,4870655,1640473,10.54,2361023,3.05,23.74
9943 好樂迪,8897947,5404587,1869385,33.37,2120900,1.68,38.26
9944 新麗,2624023,5664675,2387991,77.13,1999833,2.01,26.7
9945 潤泰新,134415945,191780367,68675815,28.76,51255990,15.19,27.92
9946 三發地產,4930965,15305549,8760978,13.04,3031694,2.79,14.84
9955 佳龍,1780338,2862322,1369938,-8.4,-481391,0.61,39.07
9958 世紀鋼,25556219,26871613,16770427,6.82,2155880,4.75,20.13
